name	x	y	z
CZ	n/a	n/a	n/a
2	n/a	n/a	n/a
3	n/a	n/a	n/a
4	n/a	n/a	n/a
5	n/a	n/a	n/a
6	n/a	n/a	n/a
7	n/a	n/a	n/a
8	n/a	n/a	n/a
9	n/a	n/a	n/a
10	n/a	n/a	n/a
11	n/a	n/a	n/a
12	n/a	n/a	n/a
13	n/a	n/a	n/a
14	n/a	n/a	n/a
15	n/a	n/a	n/a
16	n/a	n/a	n/a
17	n/a	n/a	n/a
18	n/a	n/a	n/a
19	n/a	n/a	n/a
20	n/a	n/a	n/a
21	n/a	n/a	n/a
22	n/a	n/a	n/a
23	n/a	n/a	n/a
24	n/a	n/a	n/a
25	n/a	n/a	n/a
26	n/a	n/a	n/a
27	n/a	n/a	n/a
28	n/a	n/a	n/a
29	n/a	n/a	n/a
30	n/a	n/a	n/a
31	n/a	n/a	n/a
32	n/a	n/a	n/a
Battery	n/a	n/a	n/a
