timestamp_sec	0	1
0.2377180999999382	70.0	100.0
0.2377369999999246	70.0	100.0
0.2377469000000474	70.0	100.0
0.23775449999993725	70.0	100.0
0.23776229999998577	70.0	100.0
0.2377696000000924	70.0	100.0
0.2377781000000141	70.0	100.0
0.2377928000000793	70.0	100.0
0.2378108999998858	70.0	100.0
0.2378232000000935	70.0	100.0
0.23783430000003136	70.0	100.0
0.23784610000006978	70.0	100.0
0.2533763999999792	70.0	100.0
0.2547451000000365	70.0	100.0
0.2747693999999683	70.0	100.0
0.27505730000007134	70.0	100.0
0.2954924000000574	70.0	100.0
0.29553310000005695	70.0	100.0
0.35390510000001996	70.0	100.0
0.35392430000001696	70.0	100.0
0.3539369000000079	70.0	100.0
0.3539447000000564	70.0	100.0
0.35443880000002537	70.0	100.0
0.3554770999999164	70.0	100.0
0.3761202000000594	70.0	100.0
0.377012299999933	70.0	100.0
0.3936922999998842	70.0	100.0
0.3937144999999873	70.0	100.0
0.4160842999999659	70.0	100.0
0.416106500000069	70.0	100.0
0.44438669999999547	70.0	100.0
0.45672289999993154	70.0	100.0
0.4567529999999351	70.0	100.0
0.4567655000000741	70.0	100.0
0.4772098000000824	70.0	100.0
0.4772461000000021	70.0	100.0
0.5004205000000184	70.0	100.0
0.5004596999999649	70.0	100.0
0.5167853000000378	70.0	100.0
0.5168054999999185	70.0	100.0
0.5354758000000857	70.0	100.0
0.535801900000024	70.0	100.0
0.5558258999999452	70.0	100.0
0.5561740000000555	70.0	100.0
0.5752701999999772	70.0	100.0
0.5759616999998798	70.0	100.0
0.5930175000000872	70.0	100.0
0.5942823999998836	70.0	100.0
0.6159526999999798	70.0	100.0
0.6159761999999773	70.0	100.0
0.6332334999999603	70.0	100.0
0.6349525999999059	70.0	100.0
0.6552973999998812	70.0	100.0
0.6553450999999768	70.0	100.0
0.6769417000000431	70.0	100.0
0.6773057000000335	70.0	100.0
0.6932405000000017	70.0	100.0
0.6932621999999355	70.0	100.0
0.7139150000000427	70.0	100.0
0.7139489999999569	70.0	100.0
0.7352831000000606	70.0	100.0
0.7353018999999676	70.0	100.0
0.7547578999999587	70.0	100.0
0.754777200000035	70.0	100.0
0.773328999999876	70.0	100.0
0.7733471999999892	70.0	100.0
0.7978812999999718	70.0	100.0
0.7979112000000441	70.0	100.0
0.8203622999999425	70.0	100.0
0.8204009000000951	70.0	100.0
0.8354417999998986	70.0	100.0
0.8354606000000331	70.0	100.0
0.8552985999999692	70.0	100.0
0.8553176999998868	70.0	100.0
0.8734176000000389	70.0	100.0
0.8734391999998934	70.0	100.0
0.8946011000000453	70.0	100.0
0.8946283000000221	70.0	100.0
0.9181868999999097	70.0	100.0
0.9182341000000633	70.0	100.0
0.9358173000000534	69.0	100.0
0.9358357000000979	69.0	100.0
0.9570879999998851	69.0	100.0
0.9571324000000914	69.0	100.0
0.9781728000000385	69.0	100.0
0.9788616000000729	69.0	100.0
0.9928469999999834	69.0	100.0
0.9928654999998798	69.0	100.0
1.0157283000000916	69.0	100.0
1.01574770000002	69.0	100.0
1.0357885000000806	69.0	100.0
1.0358065000000352	69.0	100.0
1.0545898999998826	69.0	100.0
1.0546130000000176	69.0	100.0
1.0750318999998854	69.0	100.0
1.075053399999888	69.0	100.0
1.0959711000000425	69.0	100.0
1.0962961000000178	69.0	100.0
1.115943100000095	69.0	100.0
1.1159763000000567	69.0	100.0
1.1401424999999108	69.0	100.0
1.1401754000000892	69.0	100.0
1.160539799999924	69.0	100.0
1.1605873999999403	69.0	100.0
1.1759700000000066	69.0	100.0
1.1760033999998996	69.0	100.0
1.1956178000000364	69.0	100.0
1.1956669999999576	69.0	100.0
1.2165818999999374	69.0	100.0
1.2168834999999945	69.0	100.0
1.2338565000000017	69.0	100.0
1.2338999999999487	69.0	100.0
1.255103599999984	69.0	100.0
1.2551373999999669	69.0	100.0
1.277862099999993	69.0	100.0
1.277882899999895	69.0	100.0
1.29582379999988	69.0	100.0
1.295861099999911	69.0	100.0
1.3151556000000255	69.0	100.0
1.3151909000000614	69.0	100.0
1.3349688999999216	69.0	100.0
1.335607100000061	69.0	100.0
1.3552683000000343	69.0	100.0
1.3553028999999697	69.0	100.0
1.3758248999999978	69.0	100.0
1.3758460999999897	69.0	100.0
1.3947405999999773	69.0	100.0
1.396222200000011	69.0	100.0
1.4156209000000217	69.0	100.0
1.415655900000047	69.0	100.0
1.4356093999999757	69.0	100.0
1.4368271000000732	69.0	100.0
1.4579435999999077	69.0	100.0
1.4579647000000477	69.0	100.0
1.4757247000000007	69.0	100.0
1.4757589000000735	69.0	100.0
1.5022504999999455	69.0	100.0
1.502289699999892	69.0	100.0
1.5166153000000122	69.0	100.0
1.5166474000000107	69.0	100.0
1.5342845000000125	69.0	100.0
1.5373557999998866	69.0	100.0
1.557141300000012	69.0	100.0
1.5580225999999584	69.0	100.0
1.5761333999998897	69.0	100.0
1.5765016999998807	69.0	100.0
1.5962256999998772	69.0	100.0
1.5962524999999914	69.0	100.0
1.6195683999999346	69.0	100.0
1.6196168999999827	69.0	100.0
1.6397031999999854	69.0	100.0
1.639728299999888	69.0	100.0
1.6574350000000777	69.0	100.0
1.6574900000000525	69.0	100.0
1.67684220000001	69.0	100.0
1.67686649999996	69.0	100.0
1.6978635000000395	69.0	100.0
1.6989602999999533	69.0	100.0
1.7155996999999843	69.0	100.0
1.7156239999999343	69.0	100.0
1.7370467999999164	69.0	100.0
1.738382300000012	69.0	100.0
1.7577140000000782	69.0	100.0
1.7589797999999064	69.0	100.0
1.7810036999999284	69.0	100.0
1.781042399999933	69.0	100.0
1.7984231999998883	69.0	100.0
1.7984541999999237	69.0	100.0
1.8166369999999006	69.0	100.0
1.8166651999999885	69.0	100.0
1.8361409999999978	69.0	100.0
1.8361634999998842	69.0	100.0
1.8574396999999863	69.0	100.0
1.8574776999998903	69.0	100.0
1.8775104999999712	69.0	100.0
1.878499599999941	69.0	100.0
1.8979836999999407	69.0	100.0
1.8980059000000438	69.0	100.0
1.9220642000000225	69.0	100.0
1.9220835999999508	69.0	100.0
1.9404477999999017	68.0	100.0
1.9404927999999018	68.0	100.0
1.9560802999999396	68.0	100.0
1.9570635000000038	68.0	100.0
1.9759398999999576	68.0	100.0
1.975976400000036	68.0	100.0
1.9987664999998742	68.0	100.0
1.9987957999999253	68.0	100.0
2.0160203999998885	68.0	100.0
2.016108900000063	68.0	100.0
2.036103099999991	68.0	100.0
2.0361350999999104	68.0	100.0
2.057080199999973	68.0	100.0
2.0575082000000293	68.0	100.0
2.0782100999999784	68.0	100.0
2.078230500000018	68.0	100.0
2.1005447000000004	68.0	100.0
2.100591099999974	68.0	100.0
2.1184496000000763	68.0	100.0
2.1184723999999733	68.0	100.0
2.1348103000000265	68.0	100.0
2.1352790000000823	68.0	100.0
2.156596499999978	68.0	100.0
2.1574662000000444	68.0	100.0
2.176862399999891	68.0	100.0
2.1779518999999254	68.0	100.0
2.198043299999881	68.0	100.0
2.198973699999897	68.0	100.0
2.2197036000000026	68.0	100.0
2.219725100000005	68.0	100.0
2.2400124999999207	68.0	100.0
2.2400350999998864	68.0	100.0
2.259330099999943	68.0	100.0
2.260387999999921	68.0	100.0
2.2768998999999894	68.0	100.0
2.2782706999998936	68.0	100.0
2.2971580999999333	68.0	100.0
2.298135400000092	68.0	100.0
2.320013499999959	68.0	100.0
2.320047899999963	68.0	100.0
2.339268299999958	68.0	100.0
2.3393080999999256	68.0	100.0
2.35836160000008	68.0	100.0
2.3591796000000613	68.0	100.0
2.378196399999979	68.0	100.0
2.3785792999999558	68.0	100.0
2.4011904999999842	68.0	100.0
2.4012112000000343	68.0	100.0
2.4191992999999457	68.0	100.0
2.419261000000006	68.0	100.0
2.4387471000000005	68.0	100.0
2.438767999999982	68.0	100.0
2.4559543999998823	68.0	100.0
2.4587203000000954	68.0	100.0
2.4790525999999318	68.0	100.0
2.47953009999992	68.0	100.0
2.498304599999983	68.0	100.0
2.499247299999979	68.0	100.0
2.515062799999896	68.0	100.0
2.5150817999999617	68.0	100.0
2.5379967999999735	68.0	100.0
2.5389087999999447	68.0	100.0
2.56104090000008	68.0	100.0
2.561063299999887	68.0	100.0
2.580468099999962	68.0	100.0
2.580486399999927	68.0	100.0
2.5984335000000556	68.0	100.0
2.598455999999942	68.0	100.0
2.6180709000000206	68.0	100.0
2.6194324000000506	68.0	100.0
2.638932699999941	68.0	100.0
2.63897309999993	68.0	100.0
2.661302100000057	68.0	100.0
2.6613208999999642	68.0	100.0
2.6772946000000957	68.0	100.0
2.678210799999988	68.0	100.0
2.6991169999998874	68.0	100.0
2.6991361000000325	68.0	100.0
2.7195257000000765	68.0	100.0
2.7195444999999836	68.0	100.0
2.7397430999999415	68.0	100.0
2.741399900000033	68.0	100.0
2.7586908999999196	68.0	100.0
2.7594520000000102	68.0	100.0
2.7782411999999113	68.0	100.0
2.7790379000000485	68.0	100.0
2.7974409999999352	68.0	100.0
2.7982437000000573	68.0	100.0
2.818181599999889	68.0	100.0
2.8192148000000543	68.0	100.0
2.8378847999999834	68.0	100.0
2.8386187000000973	68.0	100.0
2.8585144999999557	68.0	100.0
2.858750099999952	68.0	100.0
2.878809199999978	68.0	100.0
2.880175300000019	68.0	100.0
2.899838900000077	68.0	100.0
2.900835200000074	68.0	100.0
2.922456999999895	68.0	100.0
2.9224764999999024	68.0	100.0
2.9370578999998997	67.0	100.0
2.937076700000034	67.0	100.0
2.958110499999975	67.0	100.0
2.959078300000101	67.0	100.0
2.9781662999998844	67.0	100.0
2.9781854000000294	67.0	100.0
2.999501900000041	67.0	100.0
2.9995349999999235	67.0	100.0
3.019436300000052	67.0	100.0
3.019459500000039	67.0	100.0
3.038792699999931	67.0	100.0
3.039884000000029	67.0	100.0
3.0603636999999253	67.0	100.0
3.0603863999999703	67.0	100.0
3.0786046000000624	67.0	100.0
3.079610300000013	67.0	100.0
3.09910119999995	67.0	100.0
3.0994344000000638	67.0	100.0
3.118331699999999	67.0	100.0
3.119543300000032	67.0	100.0
3.1384215000000495	67.0	100.0
3.1395568000000367	67.0	100.0
3.1583034999998745	67.0	100.0
3.159128799999962	67.0	100.0
3.1788782000000992	67.0	100.0
3.1800650000000132	67.0	100.0
3.199063600000045	67.0	100.0
3.1994939999999588	67.0	100.0
3.2201391000000967	67.0	100.0
3.221023999999943	67.0	100.0
3.238164500000039	67.0	100.0
3.2391290999999	67.0	100.0
3.258567800000037	67.0	100.0
3.2607474999999795	67.0	100.0
3.2864772000000357	67.0	100.0
3.286511799999971	67.0	100.0
3.298682500000041	67.0	100.0
3.2989597000000686	67.0	100.0
3.318951499999912	67.0	100.0
3.3197075000000495	67.0	100.0
3.3387270000000626	67.0	100.0
3.339638599999944	67.0	100.0
3.3589386999999533	67.0	100.0
3.3593327999999474	67.0	100.0
3.381310499999927	67.0	100.0
3.382393299999876	67.0	100.0
3.398905900000045	67.0	100.0
3.400550800000019	67.0	100.0
3.4194310999998834	67.0	100.0
3.4194852999999057	67.0	100.0
3.438647700000047	67.0	100.0
3.4397928999999294	67.0	100.0
3.458746900000051	67.0	100.0
3.459539599999971	67.0	100.0
3.4787724999998773	67.0	100.0
3.4798541000000114	67.0	100.0
3.4995272999999543	67.0	100.0
3.4996854000000894	67.0	100.0
3.5198801999999887	67.0	100.0
3.519916299999977	67.0	100.0
3.54037859999994	67.0	100.0
3.5412274000000252	67.0	100.0
3.560086199999887	67.0	100.0
3.5601208999999017	67.0	100.0
3.585000900000068	67.0	100.0
3.5850232000000233	67.0	100.0
3.598870399999896	67.0	100.0
3.5997678999999607	67.0	100.0
3.6192682999999306	67.0	100.0
3.6205443999999716	67.0	100.0
3.6386743999999	67.0	100.0
3.639607500000011	67.0	100.0
3.6588156000000254	67.0	100.0
3.6596931999999924	67.0	100.0
3.6804663000000346	67.0	100.0
3.6805002999999488	67.0	100.0
3.7023942999999235	67.0	100.0
3.702427299999954	67.0	100.0
3.720739999999978	67.0	100.0
3.7207625999999436	67.0	100.0
3.7392198000000008	67.0	100.0
3.739240500000051	67.0	100.0
3.7571640999999545	67.0	100.0
3.757202100000086	67.0	100.0
3.7770889000000807	67.0	100.0
3.777107399999977	67.0	100.0
3.7961522999999033	67.0	100.0
3.7961720999999216	67.0	100.0
3.8170734999998785	67.0	100.0
3.817120100000011	67.0	100.0
3.840056999999888	67.0	100.0
3.8400764000000436	67.0	100.0
3.8593544999998812	67.0	100.0
3.8593779999998787	67.0	100.0
3.8782685999999558	67.0	100.0
3.878286800000069	67.0	100.0
3.899070400000028	67.0	100.0
3.8991146999999273	67.0	100.0
3.9194588999998814	67.0	100.0
3.9230815000000803	67.0	100.0
3.9386329999999816	66.0	100.0
3.9386815000000297	66.0	100.0
3.959546600000067	66.0	100.0
3.9595650999999634	66.0	100.0
3.9775869000000057	66.0	100.0
3.9776226999999835	66.0	100.0
4.000432499999988	66.0	100.0
4.0004513999999745	66.0	100.0
4.021345999999994	66.0	100.0
4.022187199999962	66.0	100.0
4.03954920000001	66.0	100.0
4.039582599999903	66.0	100.0
4.061207199999899	66.0	100.0
4.0612281999999595	66.0	100.0
4.0800702999999885	66.0	100.0
4.08010349999995	66.0	100.0
4.1000360000000455	66.0	100.0
4.100056100000074	66.0	100.0
4.119026099999928	66.0	100.0
4.119046499999968	66.0	100.0
4.139187199999924	66.0	100.0
4.139234400000078	66.0	100.0
4.160651400000006	66.0	100.0
4.162143900000046	66.0	100.0
4.181242500000053	66.0	100.0
4.181923500000039	66.0	100.0
4.199620200000027	66.0	100.0
4.199656999999888	66.0	100.0
4.22000520000006	66.0	100.0
4.220964599999888	66.0	100.0
4.236955699999953	66.0	100.0
4.236994800000048	66.0	100.0
4.2597633000000314	66.0	100.0
4.259785700000066	66.0	100.0
4.279135799999949	66.0	100.0
4.279154399999925	66.0	100.0
4.302469299999984	66.0	100.0
4.302507500000047	66.0	100.0
4.320302800000036	66.0	100.0
4.321360099999993	66.0	100.0
4.3412479000000985	66.0	100.0
4.34126839999999	66.0	100.0
4.360895600000049	66.0	100.0
4.360942199999954	66.0	100.0
4.379864100000077	66.0	100.0
4.379912500000046	66.0	100.0
4.400869999999941	66.0	100.0
4.400901299999987	66.0	100.0
4.420836000000008	66.0	100.0
4.421768899999961	66.0	100.0
4.440220899999986	66.0	100.0
4.440268500000002	66.0	100.0
4.463371099999904	66.0	100.0
4.463404500000024	66.0	100.0
4.4815077999999176	66.0	100.0
4.481783499999892	66.0	100.0
4.503291499999932	66.0	100.0
4.503311499999882	66.0	100.0
4.520811099999946	66.0	100.0
4.522837700000082	66.0	100.0
4.540425400000004	66.0	100.0
4.541035299999976	66.0	100.0
4.559902400000055	66.0	100.0
4.560878300000013	66.0	100.0
4.580731000000014	66.0	100.0
4.581952300000012	66.0	100.0
4.6001562999999805	66.0	100.0
4.600175099999888	66.0	100.0
4.619912599999907	66.0	100.0
4.619952000000012	66.0	100.0
4.640360899999905	66.0	100.0
4.6403797000000395	66.0	100.0
4.663655199999994	66.0	100.0
4.663677000000007	66.0	100.0
4.6784858999999415	66.0	100.0
4.678504900000007	66.0	100.0
4.6932277000000795	66.0	100.0
4.693296299999929	66.0	100.0
4.7128984000000855	66.0	100.0
4.712946399999964	66.0	100.0
4.73465310000006	66.0	100.0
4.734701300000097	66.0	100.0
4.756425300000046	66.0	100.0
4.756472099999883	66.0	100.0
4.778048899999931	66.0	100.0
4.778096400000095	66.0	100.0
4.799754800000073	66.0	100.0
4.799778900000092	66.0	100.0
4.8233854000000065	66.0	100.0
4.8234187000000475	66.0	100.0
4.839074400000072	66.0	100.0
4.83912179999993	66.0	100.0
4.859635600000047	66.0	100.0
4.86083409999992	66.0	100.0
4.879252400000041	66.0	100.0
4.879304699999921	66.0	100.0
4.900700200000074	66.0	100.0
4.901039399999945	66.0	100.0
4.92364879999991	66.0	100.0
4.9236949000001005	66.0	100.0
4.939962299999934	65.0	100.0
4.939983199999915	65.0	100.0
4.960338200000024	65.0	100.0
4.961269299999913	65.0	100.0
4.983298800000057	65.0	100.0
4.983318600000075	65.0	100.0
4.9999866999999085	65.0	100.0
5.000004499999932	65.0	100.0
5.02051849999998	65.0	100.0
5.020909300000085	65.0	100.0
5.038504200000034	65.0	100.0
5.0385241999999835	65.0	100.0
5.060007399999904	65.0	100.0
5.060308200000009	65.0	100.0
5.080494499999986	65.0	100.0
5.080512100000078	65.0	100.0
5.10074110000005	65.0	100.0
5.100761899999952	65.0	100.0
5.121176500000047	65.0	100.0
5.121201200000087	65.0	100.0
5.142049000000043	65.0	100.0
5.142094000000043	65.0	100.0
5.15949159999991	65.0	100.0
5.159537300000011	65.0	100.0
5.180879100000084	65.0	100.0
5.180912199999966	65.0	100.0
5.202068499999996	65.0	100.0
5.2021138000000064	65.0	100.0
5.223561699999891	65.0	100.0
5.223588000000063	65.0	100.0
5.240859900000032	65.0	100.0
5.24248190000003	65.0	100.0
5.262265800000023	65.0	100.0
5.262287000000015	65.0	100.0
5.282385299999987	65.0	100.0
5.282405799999879	65.0	100.0
5.304072299999916	65.0	100.0
5.304333999999926	65.0	100.0
5.321791600000097	65.0	100.0
5.323109700000032	65.0	100.0
5.342330499999889	65.0	100.0
5.342684400000053	65.0	100.0
5.362188199999991	65.0	100.0
5.362207500000068	65.0	100.0
5.379248700000062	65.0	100.0
5.379266899999948	65.0	100.0
5.404032299999926	65.0	100.0
5.404062900000099	65.0	100.0
5.422456999999895	65.0	100.0
5.423404099999971	65.0	100.0
5.4422815999998875	65.0	100.0
5.442909500000042	65.0	100.0
5.464864399999897	65.0	100.0
5.465494699999908	65.0	100.0
5.483212399999957	65.0	100.0
5.483257800000047	65.0	100.0
5.501614600000039	65.0	100.0
5.5031042999999045	65.0	100.0
5.522235599999931	65.0	100.0
5.524147200000016	65.0	100.0
5.540668399999959	65.0	100.0
5.54189139999994	65.0	100.0
5.562586900000042	65.0	100.0
5.5629094999999325	65.0	100.0
5.58264650000001	65.0	100.0
5.582666699999891	65.0	100.0
5.602016099999901	65.0	100.0
5.603760700000066	65.0	100.0
5.624171100000012	65.0	100.0
5.6262960999999905	65.0	100.0
5.64217050000002	65.0	100.0
5.642823599999929	65.0	100.0
5.664242800000011	65.0	100.0
5.6642764999999144	65.0	100.0
5.6822021000000404	65.0	100.0
5.682757000000038	65.0	100.0
5.702574400000003	65.0	100.0
5.703669499999933	65.0	100.0
5.721992	65.0	100.0
5.722015699999929	65.0	100.0
5.741107900000088	65.0	100.0
5.741125900000043	65.0	100.0
5.763232100000096	65.0	100.0
5.7632518999998865	65.0	100.0
5.784352200000058	65.0	100.0
5.784371799999917	65.0	100.0
5.80241019999994	65.0	100.0
5.803153699999939	65.0	100.0
5.822248899999977	65.0	100.0
5.823107100000016	65.0	100.0
5.840308499999992	65.0	100.0
5.840331099999958	65.0	100.0
5.863156599999911	65.0	100.0
5.863177799999903	65.0	100.0
5.880679999999984	65.0	100.0
5.880726699999968	65.0	100.0
5.903083200000083	65.0	100.0
5.903104299999995	65.0	100.0
5.923499499999934	65.0	100.0
5.924238000000059	65.0	100.0
5.943459200000007	64.0	100.0
5.943478099999993	64.0	100.0
5.960266900000079	64.0	100.0
5.960285699999986	64.0	100.0
5.982510900000079	64.0	100.0
5.982528400000092	64.0	100.0
6.001940899999909	64.0	100.0
6.001959100000022	64.0	100.0
6.022076900000002	64.0	100.0
6.022103699999889	64.0	100.0
6.04372770000009	64.0	100.0
6.043757500000083	64.0	100.0
6.061472399999957	64.0	100.0
6.061510700000099	64.0	100.0
6.082864299999983	64.0	100.0
6.083069000000023	64.0	100.0
6.103147600000057	64.0	100.0
6.103170299999874	64.0	100.0
6.124058599999898	64.0	100.0
6.124092699999892	64.0	100.0
6.145312399999966	64.0	100.0
6.145346699999891	64.0	100.0
6.163045000000011	64.0	100.0
6.163071199999877	64.0	100.0
6.18156840000006	64.0	100.0
6.1815873999998985	64.0	100.0
6.200352699999939	64.0	100.0
6.200389399999949	64.0	100.0
6.221617799999876	64.0	100.0
6.222598999999946	64.0	100.0
6.242702699999882	64.0	100.0
6.242728700000043	64.0	100.0
6.267488100000037	64.0	100.0
6.267507499999965	64.0	100.0
6.283331599999883	64.0	100.0
6.284544500000038	64.0	100.0
6.3050393000000895	64.0	100.0
6.305071199999929	64.0	100.0
6.32384449999995	64.0	100.0
6.323881300000039	64.0	100.0
6.344053999999915	64.0	100.0
6.344090499999993	64.0	100.0
6.364102999999886	64.0	100.0
6.364152699999977	64.0	100.0
6.3836822999999185	64.0	100.0
6.383733800000073	64.0	100.0
6.404133799999954	64.0	100.0
6.404155499999888	64.0	100.0
6.42375949999996	64.0	100.0
6.423785599999974	64.0	100.0
6.44276160000004	64.0	100.0
6.445075300000099	64.0	100.0
6.4627170999999635	64.0	100.0
6.462783400000035	64.0	100.0
6.485865899999908	64.0	100.0
6.485892100000001	64.0	100.0
6.504566300000079	64.0	100.0
6.50458720000006	64.0	100.0
6.524952499999927	64.0	100.0
6.52498659999992	64.0	100.0
6.5436884999999165	64.0	100.0
6.543712299999925	64.0	100.0
6.565078099999937	64.0	100.0
6.565118900000016	64.0	100.0
6.586333700000068	64.0	100.0
6.587583499999937	64.0	100.0
6.602278900000101	64.0	100.0
6.603803199999902	64.0	100.0
6.624998400000095	64.0	100.0
6.625023199999987	64.0	100.0
6.643355100000008	64.0	100.0
6.643377099999952	64.0	100.0
6.662642199999937	64.0	100.0
6.663399799999979	64.0	100.0
6.68444199999999	64.0	100.0
6.68447900000001	64.0	100.0
6.704463600000054	64.0	100.0
6.704492699999946	64.0	100.0
6.724169099999926	64.0	100.0
6.725017499999922	64.0	100.0
6.746276099999932	64.0	100.0
6.746309500000052	64.0	100.0
6.764556999999968	64.0	100.0
6.764590999999882	64.0	100.0
6.783955299999889	64.0	100.0
6.784004099999947	64.0	100.0
6.80398880000007	64.0	100.0
6.806324599999925	64.0	100.0
6.82298139999989	64.0	100.0
6.8230166999999255	64.0	100.0
6.841125599999941	64.0	100.0
6.841944100000092	64.0	100.0
6.863518299999896	64.0	100.0
6.863538399999925	64.0	100.0
6.876362799999924	64.0	100.0
6.876384899999948	64.0	100.0
6.9041201	64.0	100.0
6.90414009999995	64.0	100.0
6.923694999999952	64.0	100.0
6.923728600000004	64.0	100.0
6.941797100000031	63.0	100.0
6.941837200000009	63.0	100.0
6.964769899999965	63.0	100.0
6.964811300000065	63.0	100.0
6.982936800000061	63.0	100.0
6.982971800000087	63.0	100.0
7.001253200000065	63.0	100.0
7.001276599999983	63.0	100.0
7.022887599999876	63.0	100.0
7.0229461999999785	63.0	100.0
7.045646099999885	63.0	100.0
7.047187500000064	63.0	100.0
7.064097400000037	63.0	100.0
7.064130400000067	63.0	100.0
7.083381299999928	63.0	100.0
7.084128100000044	63.0	100.0
7.1049112000000605	63.0	100.0
7.104948599999943	63.0	100.0
7.124745500000017	63.0	100.0
7.124781299999995	63.0	100.0
7.145071800000096	63.0	100.0
7.1450927000000775	63.0	100.0
7.16399279999996	63.0	100.0
7.16402590000007	63.0	100.0
7.1842386000000715	63.0	100.0
7.18428700000004	63.0	100.0
7.2060913000000255	63.0	100.0
7.206123599999955	63.0	100.0
7.225295700000061	63.0	100.0
7.225314399999888	63.0	100.0
7.24365540000008	63.0	100.0
7.244475799999918	63.0	100.0
7.2629102000000785	63.0	100.0
7.2648477000000184	63.0	100.0
7.28503980000005	63.0	100.0
7.285080999999991	63.0	100.0
7.305558699999892	63.0	100.0
7.30657240000005	63.0	100.0
7.325006900000062	63.0	100.0
7.325980000000072	63.0	100.0
7.343290999999908	63.0	100.0
7.3433268999999655	63.0	100.0
7.364359500000091	63.0	100.0
7.364398400000027	63.0	100.0
7.387829999999894	63.0	100.0
7.387850399999934	63.0	100.0
7.405601200000092	63.0	100.0
7.405634199999895	63.0	100.0
7.426210800000035	63.0	100.0
7.426250199999913	63.0	100.0
7.442718999999897	63.0	100.0
7.442923300000075	63.0	100.0
7.46424090000005	63.0	100.0
7.464272499999879	63.0	100.0
7.482234900000094	63.0	100.0
7.482257599999912	63.0	100.0
7.504250499999898	63.0	100.0
7.504279400000087	63.0	100.0
7.5251034000000345	63.0	100.0
7.526241900000059	63.0	100.0
7.547559699999965	63.0	100.0
7.547585499999968	63.0	100.0
7.564311699999962	63.0	100.0
7.565608299999894	63.0	100.0
7.586277599999903	63.0	100.0
7.586324299999887	63.0	100.0
7.605636999999888	63.0	100.0
7.606291999999939	63.0	100.0
7.626219900000024	63.0	100.0
7.62625950000006	63.0	100.0
7.645082499999944	63.0	100.0
7.64511020000009	63.0	100.0
7.664510199999995	63.0	100.0
7.665107199999966	63.0	100.0
7.684970399999884	63.0	100.0
7.6850105000000895	63.0	100.0
7.704624899999999	63.0	100.0
7.705474599999889	63.0	100.0
7.722943600000008	63.0	100.0
7.7229626000000735	63.0	100.0
7.744372299999895	63.0	100.0
7.745422100000042	63.0	100.0
7.762950099999898	63.0	100.0
7.762972700000091	63.0	100.0
7.7836823000000095	63.0	100.0
7.783702299999959	63.0	100.0
7.8014226000000235	63.0	100.0
7.802323999999999	63.0	100.0
7.826606800000036	63.0	100.0
7.826634699999886	63.0	100.0
7.845231300000023	63.0	100.0
7.8457074999998895	63.0	100.0
7.865279399999963	63.0	100.0
7.865314299999909	63.0	100.0
7.886011300000064	63.0	100.0
7.8860581999999795	63.0	100.0
7.903278499999942	63.0	100.0
7.903328200000033	63.0	100.0
7.9261432000000696	63.0	100.0
7.92616739999994	63.0	100.0
7.94355029999997	63.0	100.0
7.943575499999952	63.0	100.0
7.964534599999979	63.0	100.0
7.964583299999958	63.0	100.0
7.983704400000079	63.0	100.0
7.9843272000000525	63.0	100.0
8.007471800000076	63.0	100.0
8.007491999999957	63.0	100.0
8.025898899999902	63.0	100.0
8.02591910000001	63.0	100.0
8.044828499999994	63.0	100.0
8.044861500000025	63.0	100.0
8.06528460000004	63.0	100.0
8.06532059999995	63.0	100.0
8.084532200000012	63.0	100.0
8.08456369999999	63.0	100.0
8.10446109999998	63.0	100.0
8.104494299999942	63.0	100.0
8.12589950000006	63.0	100.0
8.125953400000071	63.0	100.0
8.142824100000098	63.0	100.0
8.142858400000023	63.0	100.0
8.165288800000098	63.0	100.0
8.165314800000033	63.0	100.0
8.188323000000082	63.0	100.0
8.1891392	63.0	100.0
8.203517599999941	63.0	100.0
8.203556100000014	63.0	100.0
8.224748800000043	63.0	100.0
8.225786400000061	63.0	100.0
8.246756199999936	63.0	100.0
8.246779900000092	63.0	100.0
8.263677599999937	63.0	100.0
8.263700100000051	63.0	100.0
8.284124900000052	63.0	100.0
8.284150400000044	63.0	100.0
8.303197100000034	63.0	100.0
8.303226600000016	63.0	100.0
8.32300209999994	63.0	100.0
8.323036799999954	63.0	100.0
8.342199400000027	63.0	100.0
8.342693199999985	63.0	100.0
8.359980199999882	63.0	100.0
8.360002200000054	63.0	100.0
8.383726499999966	63.0	100.0
8.386313799999925	63.0	100.0
8.404647000000068	63.0	100.0
8.405032899999924	63.0	100.0
8.424786999999924	63.0	100.0
8.424809399999958	63.0	100.0
8.445266499999889	63.0	100.0
8.445300599999882	63.0	100.0
8.466405800000075	63.0	100.0
8.466444299999921	63.0	100.0
8.488370999999916	63.0	100.0
8.488421600000038	63.0	100.0
8.509211600000071	63.0	100.0
8.509925600000088	63.0	100.0
8.5281465999999	63.0	100.0
8.528178900000057	63.0	100.0
8.546619899999996	63.0	100.0
8.547585600000048	63.0	100.0
8.567488299999923	63.0	100.0
8.567516000000069	63.0	100.0
8.585962899999913	63.0	100.0
8.586291800000026	63.0	100.0
8.607320999999956	63.0	100.0
8.607357699999966	63.0	100.0
8.634109899999885	63.0	100.0
8.634149499999921	63.0	100.0
8.6472432999999	63.0	100.0
8.647264199999881	63.0	100.0
8.667585200000076	63.0	100.0
8.66844859999992	63.0	100.0
8.684649300000046	63.0	100.0
8.68467099999998	63.0	100.0
8.707565599999953	63.0	100.0
8.707602100000031	63.0	100.0
8.72744519999992	63.0	100.0
8.728122700000085	63.0	100.0
8.745877399999927	63.0	100.0
8.745914999999968	63.0	100.0
8.767955399999892	63.0	100.0
8.767990699999928	63.0	100.0
8.78886680000005	63.0	100.0
8.789579699999877	63.0	100.0
8.807693900000004	63.0	100.0
8.807719899999938	63.0	100.0
8.828549600000088	63.0	100.0
8.82858269999997	63.0	100.0
8.852071199999955	63.0	100.0
8.852105599999959	63.0	100.0
8.866139499999917	63.0	100.0
8.867441000000099	63.0	100.0
8.886138000000074	63.0	100.0
8.886689499999875	63.0	100.0
8.909893699999884	63.0	100.0
8.909911899999997	63.0	100.0
8.931350699999939	63.0	100.0
8.931384600000001	63.0	100.0
8.948646300000064	62.0	100.0
8.948674199999914	62.0	100.0
8.968036900000016	62.0	100.0
8.968072699999993	62.0	100.0
8.988210799999933	62.0	100.0
8.98998349999988	62.0	100.0
9.006466699999919	62.0	100.0
9.00746550000008	62.0	100.0
9.027164399999947	62.0	100.0
9.02785629999994	62.0	100.0
9.046525599999995	62.0	100.0
9.04744329999994	62.0	100.0
9.066913399999976	62.0	100.0
9.068038999999999	62.0	100.0
9.08670619999998	62.0	100.0
9.087771100000055	62.0	100.0
9.108163699999977	62.0	100.0
9.108215599999994	62.0	100.0
9.127475199999935	62.0	100.0
9.1278334000001	62.0	100.0
9.149389700000029	62.0	100.0
9.150715400000081	62.0	100.0
9.166554399999995	62.0	100.0
9.167655299999979	62.0	100.0
9.187145899999905	62.0	100.0
9.187511200000017	62.0	100.0
9.206859200000054	62.0	100.0
9.20758120000005	62.0	100.0
9.227259900000035	62.0	100.0
9.227826600000071	62.0	100.0
9.247181700000056	62.0	100.0
9.247662400000081	62.0	100.0
9.26705169999991	62.0	100.0
9.268004000000019	62.0	100.0
9.287185200000067	62.0	100.0
9.287989200000084	62.0	100.0
9.308382299999948	62.0	100.0
9.310648899999933	62.0	100.0
9.328352999999879	62.0	100.0
9.328371900000093	62.0	100.0
9.347383099999888	62.0	100.0
9.3483240999999	62.0	100.0
9.365288599999985	62.0	100.0
9.365308299999924	62.0	100.0
9.387048999999934	62.0	100.0
9.38779599999998	62.0	100.0
9.40729710000005	62.0	100.0
9.407343200000014	62.0	100.0
9.427831100000049	62.0	100.0
9.427867099999958	62.0	100.0
9.448564799999986	62.0	100.0
9.448583800000051	62.0	100.0
9.46783019999998	62.0	100.0
9.467849699999988	62.0	100.0
9.480951600000026	62.0	100.0
9.480970600000092	62.0	100.0
9.506972700000006	62.0	100.0
9.507021399999985	62.0	100.0
9.527594700000009	62.0	100.0
9.527614999999969	62.0	100.0
9.547065299999986	62.0	100.0
9.54708729999993	62.0	100.0
9.564557500000092	62.0	100.0
9.565838499999927	62.0	100.0
9.588222899999892	62.0	100.0
9.58824269999991	62.0	100.0
9.6085407999999	62.0	100.0
9.608578099999932	62.0	100.0
9.630321800000047	62.0	100.0
9.631318599999986	62.0	100.0
9.648389599999973	62.0	100.0
9.648435900000095	62.0	100.0
9.667490399999906	62.0	100.0
9.668396699999903	62.0	100.0
9.687967600000093	62.0	100.0
9.688786200000095	62.0	100.0
9.708229800000026	62.0	100.0
9.70826319999992	62.0	100.0
9.727489200000036	62.0	100.0
9.72751160000007	62.0	100.0
9.74555650000002	62.0	100.0
9.745853099999977	62.0	100.0
9.766689199999973	62.0	100.0
9.766722600000094	62.0	100.0
9.789300099999991	62.0	100.0
9.790915399999903	62.0	100.0
9.806264099999908	62.0	100.0
9.807979100000011	62.0	100.0
9.828172100000074	62.0	100.0
9.828191199999992	62.0	100.0
9.84650600000009	62.0	100.0
9.846539500000063	62.0	100.0
9.871994099999938	62.0	100.0
9.875417199999902	62.0	100.0
9.887262700000065	62.0	100.0
9.88900579999995	62.0	100.0
9.905450599999995	62.0	100.0
9.907760800000005	62.0	100.0
9.922703899999988	62.0	100.0
9.923478100000011	62.0	100.0
9.941688999999997	61.0	100.0
9.942067599999973	61.0	100.0
9.959831699999995	61.0	100.0
9.959849899999881	61.0	100.0
9.981209499999977	61.0	100.0
9.98123919999989	61.0	100.0
10.002131700000064	61.0	100.0
10.002161500000057	61.0	100.0
10.02448830000003	61.0	100.0
10.024523000000045	61.0	100.0
10.044188200000008	61.0	100.0
10.04420980000009	61.0	100.0
10.066418399999975	61.0	100.0
10.066447299999936	61.0	100.0
10.08695519999992	61.0	100.0
10.086991099999977	61.0	100.0
10.110757899999953	61.0	100.0
10.110786700000062	61.0	100.0
10.127503799999886	61.0	100.0
10.127524999999878	61.0	100.0
10.147711099999924	61.0	100.0
10.147737000000006	61.0	100.0
10.16762679999988	61.0	100.0
10.167648399999962	61.0	100.0
10.187467499999912	61.0	100.0
10.187496900000042	61.0	100.0
10.207144400000061	61.0	100.0
10.207164899999952	61.0	100.0
10.22657120000008	61.0	100.0
10.226596199999904	61.0	100.0
10.247799600000008	61.0	100.0
10.2478294	61.0	100.0
10.271297799999957	61.0	100.0
10.271320900000092	61.0	100.0
10.287474100000054	61.0	100.0
10.288812999999891	61.0	100.0
10.30638369999997	61.0	100.0
10.30965429999992	61.0	100.0
10.33080229999996	61.0	100.0
10.330832399999963	61.0	100.0
10.35132139999996	61.0	100.0
10.351349000000027	61.0	100.0
10.368994100000009	61.0	100.0
10.369545300000027	61.0	100.0
10.388336499999923	61.0	100.0
10.391070099999979	61.0	100.0
10.411258699999962	61.0	100.0
10.411278799999991	61.0	100.0
10.430898999999954	61.0	100.0
10.43093359999989	61.0	100.0
10.447157500000003	61.0	100.0
10.447188899999901	61.0	100.0
10.46205349999991	61.0	100.0
10.462121199999956	61.0	100.0
10.480567600000086	61.0	100.0
10.480665300000055	61.0	100.0
10.500914899999998	61.0	100.0
10.500955700000077	61.0	100.0
10.524347000000034	61.0	100.0
10.524368000000095	61.0	100.0
10.54843679999999	61.0	100.0
10.548472400000037	61.0	100.0
10.569850200000019	61.0	100.0
10.569886199999928	61.0	100.0
10.593076299999893	61.0	100.0
10.593096800000012	61.0	100.0
10.607827799999995	61.0	100.0
10.607871899999964	61.0	100.0
10.628240000000005	61.0	100.0
10.628275300000041	61.0	100.0
10.650587300000097	61.0	100.0
10.650615600000037	61.0	100.0
10.667697999999973	61.0	100.0
10.669034799999963	61.0	100.0
10.688028199999962	61.0	100.0
10.688059099999919	61.0	100.0
10.711281000000099	61.0	100.0
10.71130960000005	61.0	100.0
10.731045999999878	61.0	100.0
10.732853199999909	61.0	100.0
10.75313159999996	61.0	100.0
10.75316470000007	61.0	100.0
10.770372799999905	61.0	100.0
10.770403400000077	61.0	100.0
10.79104129999996	61.0	100.0
10.791067699999985	61.0	100.0
10.81078720000005	61.0	100.0
10.81146590000003	61.0	100.0
10.831472099999928	61.0	100.0
10.831498900000042	61.0	100.0
10.851715900000045	61.0	100.0
10.851782199999889	61.0	100.0
10.871399399999973	61.0	100.0
10.87143519999995	61.0	100.0
10.891779900000074	61.0	100.0
10.891813700000057	61.0	100.0
10.912122499999896	61.0	100.0
10.912151300000005	61.0	100.0
10.928819599999997	61.0	100.0
10.928859699999975	61.0	100.0
10.949431499999946	61.0	100.0
10.949457100000018	61.0	100.0
10.968733500000099	61.0	100.0
10.968765699999949	61.0	100.0
10.98851220000006	61.0	100.0
10.989416699999992	61.0	100.0
11.008689000000004	61.0	100.0
11.00871559999996	61.0	100.0
11.029270100000076	61.0	100.0
11.029303999999911	61.0	100.0
11.052262299999938	61.0	100.0
11.05351829999995	61.0	100.0
11.07373860000007	61.0	100.0
11.074914399999898	61.0	100.0
11.089546700000028	61.0	100.0
11.090423699999974	61.0	100.0
11.112012999999934	61.0	100.0
11.11203660000001	61.0	100.0
11.132410499999878	61.0	100.0
11.132443199999898	61.0	100.0
11.1511074	61.0	100.0
11.151127899999892	61.0	100.0
11.16999039999996	61.0	100.0
11.170813899999985	61.0	100.0
11.192638100000067	61.0	100.0
11.192661900000076	61.0	100.0
11.213210599999911	61.0	100.0
11.213245400000005	61.0	100.0
11.234574500000008	61.0	100.0
11.234608799999933	61.0	100.0
11.251983599999903	61.0	100.0
11.252003699999932	61.0	100.0
11.271819099999902	61.0	100.0
11.272412000000031	61.0	100.0
11.288892300000043	61.0	100.0
11.289203499999985	61.0	100.0
11.313054499999907	61.0	100.0
11.313088599999901	61.0	100.0
11.328171999999995	61.0	100.0
11.328524900000048	61.0	100.0
11.351162700000032	61.0	100.0
11.351184099999955	61.0	100.0
11.372957099999894	61.0	100.0
11.373322099999996	61.0	100.0
11.391771800000015	61.0	100.0
11.391793100000086	61.0	100.0
11.412015800000063	61.0	100.0
11.412045399999897	61.0	100.0
11.432572200000095	61.0	100.0
11.432612399999925	61.0	100.0
11.452017099999921	61.0	100.0
11.452078399999891	61.0	100.0
11.472063299999945	61.0	100.0
11.472091699999964	61.0	100.0
11.489968800000042	61.0	100.0
11.48999200000003	61.0	100.0
11.512416999999914	61.0	100.0
11.512444499999901	61.0	100.0
11.532306099999914	61.0	100.0
11.532340900000008	61.0	100.0
11.551957800000082	61.0	100.0
11.55198160000009	61.0	100.0
11.56915529999992	61.0	100.0
11.569190899999967	61.0	100.0
11.589830299999903	61.0	100.0
11.589868600000045	61.0	100.0
11.612080099999957	61.0	100.0
11.61210589999996	61.0	100.0
11.632436999999982	61.0	100.0
11.632468300000028	61.0	100.0
11.651653399999987	61.0	100.0
11.651676199999883	61.0	100.0
11.674750299999914	61.0	100.0
11.674774999999954	61.0	100.0
11.690637400000014	61.0	100.0
11.690962200000058	61.0	100.0
11.714629099999911	61.0	100.0
11.71466549999991	61.0	100.0
11.729875100000072	61.0	100.0
11.729912600000034	61.0	100.0
11.751708600000029	61.0	100.0
11.751728400000047	61.0	100.0
11.771505299999944	61.0	100.0
11.771525699999984	61.0	100.0
11.79174850000004	61.0	100.0
11.79176839999991	61.0	100.0
11.810934399999951	61.0	100.0
11.810969099999966	61.0	100.0
11.833315500000026	61.0	100.0
11.833349999999882	61.0	100.0
11.853584599999976	61.0	100.0
11.854734999999891	61.0	100.0
11.873994699999912	61.0	100.0
11.874028899999985	61.0	100.0
11.890709199999947	61.0	100.0
11.891312199999902	61.0	100.0
11.911256800000046	61.0	100.0
11.911292000000003	61.0	100.0
11.935771400000021	61.0	100.0
11.935796499999924	61.0	100.0
11.953167699999995	61.0	100.0
11.953215799999953	61.0	100.0
11.97075249999989	61.0	100.0
11.971679199999926	61.0	100.0
11.993322600000056	61.0	100.0
11.993665599999986	61.0	100.0
12.01127109999993	61.0	100.0
12.011293099999875	61.0	100.0
12.036197399999992	61.0	100.0
12.036579699999947	61.0	100.0
12.053450099999964	61.0	100.0
12.053484499999968	61.0	100.0
12.07263080000007	61.0	100.0
12.072668199999953	61.0	100.0
12.093131000000085	61.0	100.0
12.093152299999929	61.0	100.0
12.11394139999993	61.0	100.0
12.11397379999994	61.0	100.0
12.134098499999936	61.0	100.0
12.134119499999997	61.0	100.0
12.153584899999942	61.0	100.0
12.15361710000002	61.0	100.0
12.173524699999916	61.0	100.0
12.17450830000007	61.0	100.0
12.195774000000029	61.0	100.0
12.196336400000064	61.0	100.0
12.222951700000067	61.0	100.0
12.223980400000073	61.0	100.0
12.232680200000004	61.0	100.0
12.232725300000084	61.0	100.0
12.251309700000093	61.0	100.0
12.251335899999958	61.0	100.0
12.272929799999929	61.0	100.0
12.272977300000093	61.0	100.0
12.29387840000004	61.0	100.0
12.294999899999993	61.0	100.0
12.313017400000035	61.0	100.0
12.314168599999903	61.0	100.0
12.335236299999906	61.0	100.0
12.335280999999895	61.0	100.0
12.3569786999999	61.0	100.0
12.356998299999987	61.0	100.0
12.373542300000054	61.0	100.0
12.374753399999918	61.0	100.0
12.393737399999964	61.0	100.0
12.394520000000057	61.0	100.0
12.413554400000066	61.0	100.0
12.414562599999954	61.0	100.0
12.4343887	61.0	100.0
12.434710100000075	61.0	100.0
12.454620900000009	61.0	100.0
12.454645699999901	61.0	100.0
12.472539000000097	61.0	100.0
12.474335399999973	61.0	100.0
12.494171699999924	61.0	100.0
12.494193199999927	61.0	100.0
12.517107200000055	61.0	100.0
12.51714509999988	61.0	100.0
12.534489200000053	61.0	100.0
12.534520899999961	61.0	100.0
12.554603000000043	61.0	100.0
12.554623600000014	61.0	100.0
12.573627600000009	61.0	100.0
12.573648300000059	61.0	100.0
12.592849999999999	61.0	100.0
12.596631800000068	61.0	100.0
12.613566700000092	61.0	100.0
12.614452699999902	61.0	100.0
12.632395899999892	61.0	100.0
12.6347702999999	61.0	100.0
12.654293000000052	61.0	100.0
12.65475820000006	61.0	100.0
12.676001000000042	61.0	100.0
12.67639639999993	61.0	100.0
12.693615200000067	61.0	100.0
12.695881099999951	61.0	100.0
12.712540799999942	61.0	100.0
12.713670399999955	61.0	100.0
12.735008999999991	61.0	100.0
12.735032399999909	61.0	100.0
12.75473050000005	61.0	100.0
12.755443900000046	61.0	100.0
12.774636800000053	61.0	100.0
12.774657299999944	61.0	100.0
12.794690899999978	61.0	100.0
12.795301299999892	61.0	100.0
12.815375500000073	61.0	100.0
12.815992000000051	61.0	100.0
12.836334099999931	61.0	100.0
12.837244000000055	61.0	100.0
12.856011599999874	61.0	100.0
12.85604740000008	61.0	100.0
12.87435860000005	61.0	100.0
12.875428399999919	61.0	100.0
12.894634300000007	61.0	100.0
12.894670299999916	61.0	100.0
12.914598000000069	61.0	100.0
12.914624499999945	61.0	100.0
12.93790480000007	61.0	100.0
12.937939899999947	61.0	100.0
12.951577000000043	61.0	100.0
12.951603700000078	61.0	100.0
12.973277099999905	61.0	100.0
12.973300800000061	61.0	100.0
12.995998299999883	61.0	100.0
12.997002600000087	61.0	100.0
13.01227689999996	61.0	100.0
13.0122980000001	61.0	100.0
13.03316360000008	61.0	100.0
13.034012600000096	61.0	100.0
13.053830900000094	61.0	100.0
13.053869200000008	61.0	100.0
13.073002999999972	61.0	100.0
13.073023599999942	61.0	100.0
13.091944399999875	61.0	100.0
13.092010099999925	61.0	100.0
13.114287699999977	61.0	100.0
13.114307099999905	61.0	100.0
13.134935499999983	61.0	100.0
13.134972800000014	61.0	100.0
13.155927799999972	61.0	100.0
13.15806479999992	61.0	100.0
13.174281300000075	61.0	100.0
13.174619200000052	61.0	100.0
13.194713999999976	61.0	100.0
13.195123499999909	61.0	100.0
13.21500059999994	61.0	100.0
13.21502190000001	61.0	100.0
13.235563199999888	61.0	100.0
13.235635999999886	61.0	100.0
13.254904099999976	61.0	100.0
13.255210799999986	61.0	100.0
13.275029899999936	61.0	100.0
13.275902000000087	61.0	100.0
13.29589820000001	61.0	100.0
13.296634499999982	61.0	100.0
13.318236200000001	61.0	100.0
13.319177999999965	61.0	100.0
13.335547299999917	61.0	100.0
13.3355825000001	61.0	100.0
13.356161200000088	61.0	100.0
13.356182499999932	61.0	100.0
13.375553500000024	61.0	100.0
13.37557670000001	61.0	100.0
13.394778000000088	61.0	100.0
13.395925000000034	61.0	100.0
13.415597299999945	61.0	100.0
13.415634199999886	61.0	100.0
13.435462899999948	61.0	100.0
13.435486300000093	61.0	100.0
13.455292299999883	61.0	100.0
13.455641999999898	61.0	100.0
13.4762968	61.0	100.0
13.476318700000093	61.0	100.0
13.493231799999876	61.0	100.0
13.493252199999915	61.0	100.0
13.514425000000074	61.0	100.0
13.515246100000013	61.0	100.0
13.536455100000012	61.0	100.0
13.536478700000089	61.0	100.0
13.55571800000007	61.0	100.0
13.556581099999903	61.0	100.0
13.575323600000047	61.0	100.0
13.57537840000009	61.0	100.0
13.596233199999915	61.0	100.0
13.596273200000041	61.0	100.0
13.614566400000058	61.0	100.0
13.614593300000024	61.0	100.0
13.638266599999952	61.0	100.0
13.641748199999938	61.0	100.0
13.656359099999918	61.0	100.0
13.657580000000053	61.0	100.0
13.676776100000097	61.0	100.0
13.676810499999874	61.0	100.0
13.695274200000085	61.0	100.0
13.695296999999982	61.0	100.0
13.71878300000003	61.0	100.0
13.718804800000044	61.0	100.0
13.735730299999886	61.0	100.0
13.735766600000034	61.0	100.0
13.75581289999991	61.0	100.0
13.755832499999997	61.0	100.0
13.776931099999956	61.0	100.0
13.77696560000004	61.0	100.0
13.798094400000082	61.0	100.0
13.798117999999931	61.0	100.0
13.815632300000061	61.0	100.0
13.815666799999917	61.0	100.0
13.838335099999995	61.0	100.0
13.838365199999998	61.0	100.0
13.855664200000092	61.0	100.0
13.856498200000033	61.0	100.0
13.877588600000081	61.0	100.0
13.877622700000074	61.0	100.0
13.898552399999971	61.0	100.0
13.898573400000032	61.0	100.0
13.915769499999897	61.0	100.0
13.915804900000012	61.0	100.0
13.93681360000005	61.0	100.0
13.93720129999997	61.0	100.0
13.95642410000005	61.0	100.0
13.95660010000006	61.0	100.0
13.97436259999995	61.0	100.0
13.978848799999923	61.0	100.0
13.99440299999992	61.0	100.0
13.994446899999957	61.0	100.0
14.015764199999921	61.0	100.0
14.015784200000098	61.0	100.0
14.038993299999902	61.0	100.0
14.039016499999889	61.0	100.0
14.05619200000001	61.0	100.0
14.056774599999926	61.0	100.0
14.078351099999963	61.0	100.0
14.078395799999953	61.0	100.0
14.098455999999942	61.0	100.0
14.098504999999932	61.0	100.0
14.117696699999897	61.0	100.0
14.118613699999969	61.0	100.0
14.136394599999903	61.0	100.0
14.136459399999922	61.0	100.0
14.15685510000003	61.0	100.0
14.15690799999993	61.0	100.0
14.17567710000003	61.0	100.0
14.175695899999937	61.0	100.0
14.196987199999967	61.0	100.0
14.197006899999906	61.0	100.0
14.216039099999989	61.0	100.0
14.216058700000076	61.0	100.0
14.237568900000042	61.0	100.0
14.237589500000013	61.0	100.0
14.257221099999924	61.0	100.0
14.25726839999993	61.0	100.0
14.279081299999916	61.0	100.0
14.279130399999985	61.0	100.0
14.297700999999961	61.0	100.0
14.29772109999999	61.0	100.0
14.317643099999941	61.0	100.0
14.317661399999906	61.0	100.0
14.337142500000027	61.0	100.0
14.337161200000082	61.0	100.0
14.357096299999967	61.0	100.0
14.35714310000003	61.0	100.0
14.376820700000053	61.0	100.0
14.378129799999897	61.0	100.0
14.396345500000052	61.0	100.0
14.397326799999973	61.0	100.0
14.418516199999885	61.0	100.0
14.418534399999999	61.0	100.0
14.439708699999983	61.0	100.0
14.439727400000038	61.0	100.0
14.456307700000025	61.0	100.0
14.45632599999999	61.0	100.0
14.477755399999978	61.0	100.0
14.477777199999991	61.0	100.0
14.495779899999889	61.0	100.0
14.49580160000005	61.0	100.0
14.516171900000018	61.0	100.0
14.51707979999992	61.0	100.0
14.536512599999924	61.0	100.0
14.537851799999999	61.0	100.0
14.55677250000008	61.0	100.0
14.558078799999976	61.0	100.0
14.577118200000086	61.0	100.0
14.577136899999914	61.0	100.0
14.600105799999938	61.0	100.0
14.601309599999922	61.0	100.0
14.614957000000004	61.0	100.0
14.614976800000022	61.0	100.0
14.637129799999911	61.0	100.0
14.638430400000061	61.0	100.0
14.655232999999953	61.0	100.0
14.655871299999944	61.0	100.0
14.67685819999997	61.0	100.0
14.6785347	61.0	100.0
14.696601399999963	61.0	100.0
14.697966499999893	61.0	100.0
14.716907900000024	61.0	100.0
14.718944599999986	61.0	100.0
14.73572450000006	61.0	100.0
14.736354299999903	61.0	100.0
14.758934599999975	61.0	100.0
14.759975799999893	61.0	100.0
14.776215299999876	61.0	100.0
14.778005800000074	61.0	100.0
14.798807899999929	61.0	100.0
14.798862699999972	61.0	100.0
14.817700699999932	61.0	100.0
14.818479600000046	61.0	100.0
14.837148600000091	61.0	100.0
14.837169099999983	61.0	100.0
14.857262999999875	61.0	100.0
14.85837319999996	61.0	100.0
14.87647620000007	61.0	100.0
14.877443099999937	61.0	100.0
14.899323800000047	61.0	100.0
14.899358800000073	61.0	100.0
14.920781199999965	61.0	100.0
14.921605799999952	61.0	100.0
14.93867780000005	61.0	100.0
14.938697000000047	61.0	100.0
14.957191599999987	0.0	100.0
14.958475099999987	0.0	100.0
14.97732289999999	0.0	100.0
14.978881600000022	0.0	100.0
14.996677699999964	0.0	100.0
14.997635899999977	0.0	100.0
15.01936569999998	0.0	100.0
15.019388899999967	0.0	100.0
15.039310899999919	0.0	100.0
15.039332800000011	0.0	100.0
15.058077400000002	0.0	100.0
15.059395799999947	0.0	100.0
15.079431299999897	0.0	100.0
15.079448700000057	0.0	100.0
15.097035699999878	0.0	100.0
15.097082	0.0	100.0
15.118439200000012	0.0	100.0
15.11848770000006	0.0	100.0
15.13951330000009	0.0	100.0
15.139554099999941	0.0	100.0
15.15818760000002	0.0	100.0
15.159005799999932	0.0	100.0
15.178250499999876	0.0	100.0
15.178284500000018	0.0	100.0
15.19948700000009	0.0	100.0
15.199506299999939	0.0	100.0
15.218327000000045	0.0	100.0
15.219008600000052	0.0	100.0
15.240342699999928	0.0	100.0
15.241811699999971	0.0	100.0
15.258790999999974	0.0	100.0
15.259840899999972	0.0	100.0
15.27885470000001	0.0	100.0
15.279922299999953	0.0	100.0
15.298021999999946	0.0	100.0
15.298985299999913	0.0	100.0
15.320259699999951	0.0	100.0
15.320278899999948	0.0	100.0
15.34014430000002	0.0	100.0
15.340162599999985	0.0	100.0
15.361239000000069	0.0	100.0
15.361257799999976	0.0	100.0
15.380116499999986	0.0	100.0
15.380134300000009	0.0	100.0
15.400016800000003	0.0	100.0
15.401497000000063	0.0	100.0
15.419889999999896	0.0	100.0
15.419908000000078	0.0	100.0
15.438902699999971	0.0	100.0
15.439910000000054	0.0	100.0
15.459275100000013	0.0	100.0
15.459974699999975	0.0	100.0
15.478288699999894	0.0	100.0
15.479979700000058	0.0	100.0
15.499435400000038	0.0	100.0
15.499462199999925	0.0	100.0
15.519521799999893	0.0	100.0
15.519541200000049	0.0	100.0
15.543006299999888	0.0	100.0
15.54306819999988	0.0	100.0
15.561348100000032	0.0	100.0
15.561900299999934	0.0	100.0
15.58052930000008	0.0	100.0
15.580549900000051	0.0	100.0
15.60006589999989	0.0	100.0
15.600088299999925	0.0	100.0
15.619936499999994	0.0	100.0
15.619962499999929	0.0	100.0
15.641337900000053	0.0	100.0
15.641361499999903	0.0	100.0
15.659100099999932	0.0	100.0
15.66089050000005	0.0	100.0
15.678709399999889	0.0	100.0
15.68093870000007	0.0	100.0
15.700657299999875	0.0	100.0
15.700691300000017	0.0	100.0
15.722902599999998	0.0	100.0
15.723740500000076	0.0	100.0
15.739953799999967	0.0	100.0
15.73999159999994	0.0	100.0
15.7601231000001	0.0	100.0
15.760144099999934	0.0	100.0
15.780492000000095	0.0	100.0
15.78051430000005	0.0	100.0
15.799018200000091	0.0	100.0
15.799803299999894	0.0	100.0
15.819931600000018	0.0	100.0
15.820663700000068	0.0	100.0
15.840323800000078	0.0	100.0
15.840560000000096	0.0	100.0
15.860392300000058	0.0	100.0
15.860415699999976	0.0	100.0
15.88565709999989	0.0	100.0
15.885700799999995	0.0	100.0
15.89945590000002	0.0	100.0
15.900475800000095	0.0	100.0
15.931147600000031	0.0	100.0
15.931182000000035	0.0	100.0
15.944656200000054	0.0	100.0
15.944692999999916	0.0	100.0
15.959415699999909	61.0	100.0
15.95981340000003	61.0	100.0
15.978816900000083	61.0	100.0
15.978853200000003	61.0	100.0
16.000472299999956	61.0	100.0
16.00049379999996	61.0	100.0
16.020017999999936	61.0	100.0
16.020044599999892	61.0	100.0
16.040430600000036	61.0	100.0
16.041154199999937	61.0	100.0
16.05855829999996	61.0	100.0
16.059023099999877	61.0	100.0
16.0800741999999	61.0	100.0
16.08009489999995	61.0	100.0
16.100780700000087	61.0	100.0
16.100816200000054	61.0	100.0
16.120344299999942	61.0	100.0
16.121150199999875	61.0	100.0
16.139658199999985	61.0	100.0
16.139697699999942	61.0	100.0
16.160585399999945	61.0	100.0
16.16133530000002	61.0	100.0
16.180933000000095	61.0	100.0
16.181705599999987	61.0	100.0
16.203868000000057	61.0	100.0
16.203896400000076	61.0	100.0
16.220297899999878	61.0	100.0
16.22067960000004	61.0	100.0
16.240121699999918	61.0	100.0
16.241893899999923	61.0	100.0
16.26031059999991	61.0	100.0
16.261272199999894	61.0	100.0
16.280087200000025	61.0	100.0
16.280107600000065	61.0	100.0
16.30142139999998	61.0	100.0
16.301468299999897	61.0	100.0
16.321458299999904	61.0	100.0
16.32248350000009	61.0	100.0
16.34332500000005	61.0	100.0
16.34335770000007	61.0	100.0
16.36056080000003	61.0	100.0
16.36149219999993	61.0	100.0
16.38127089999989	61.0	100.0
16.38130729999989	61.0	100.0
16.39982699999996	61.0	100.0
16.400574000000006	61.0	100.0
16.417350799999895	61.0	100.0
16.41823249999993	61.0	100.0
16.440988399999924	61.0	100.0
16.44100750000007	61.0	100.0
16.459848299999976	61.0	100.0
16.459892800000034	61.0	100.0
16.481086900000037	61.0	100.0
16.481948099999954	61.0	100.0
16.501073599999927	61.0	100.0
16.502483499999926	61.0	100.0
16.521551000000045	61.0	100.0
16.521574399999963	61.0	100.0
16.540810299999976	61.0	100.0
16.542478800000026	61.0	100.0
16.559616100000085	61.0	100.0
16.560609099999965	61.0	100.0
16.578422199999977	61.0	100.0
16.579684499999985	61.0	100.0
16.60120649999999	61.0	100.0
16.601224400000092	61.0	100.0
16.62104219999992	61.0	100.0
16.622556900000063	61.0	100.0
16.64085799999998	61.0	100.0
16.64087870000003	61.0	100.0
16.6593206	61.0	100.0
16.659340200000088	61.0	100.0
16.683240999999953	61.0	100.0
16.68326000000002	61.0	100.0
16.70218829999999	61.0	100.0
16.702206899999965	61.0	100.0
16.721269899999925	61.0	100.0
16.721291199999996	61.0	100.0
16.742847499999925	61.0	100.0
16.742868600000065	61.0	100.0
16.761208399999987	61.0	100.0
16.761935799999947	61.0	100.0
16.78022729999998	61.0	100.0
16.780261299999893	61.0	100.0
16.802333800000042	61.0	100.0
16.803073999999924	61.0	100.0
16.82306470000003	61.0	100.0
16.82308390000003	61.0	100.0
16.844569999999976	61.0	100.0
16.84458820000009	61.0	100.0
16.86372520000009	61.0	100.0
16.863747099999955	61.0	100.0
16.880581599999914	61.0	100.0
16.882049999999936	61.0	100.0
16.900957000000062	61.0	100.0
16.902219699999932	61.0	100.0
16.92170659999988	61.0	100.0
16.92172860000005	61.0	100.0
16.943798399999878	61.0	100.0
16.944741999999906	61.0	100.0
16.959278900000072	63.0	100.0
16.95929840000008	63.0	100.0
16.97922470000003	63.0	100.0
16.981389499999977	63.0	100.0
17.0009806999999	63.0	100.0
17.001956900000096	63.0	100.0
17.020170000000007	63.0	100.0
17.020189999999957	63.0	100.0
17.040633099999923	63.0	100.0
17.04065209999999	63.0	100.0
17.060477499999934	63.0	100.0
17.061528199999884	63.0	100.0
17.08256879999999	63.0	100.0
17.082587699999976	63.0	100.0
17.102001599999994	63.0	100.0
17.102942600000006	63.0	100.0
17.123930400000063	63.0	100.0
17.123948700000028	63.0	100.0
17.141562600000043	63.0	100.0
17.142524200000025	63.0	100.0
17.164698000000044	63.0	100.0
17.166109199999937	63.0	100.0
17.182768800000076	63.0	100.0
17.183694399999922	63.0	100.0
17.204389499999934	63.0	100.0
17.204409700000042	63.0	100.0
17.222825300000068	63.0	100.0
17.223760099999936	63.0	100.0
17.240963599999986	63.0	100.0
17.24135279999996	63.0	100.0
17.26277110000001	63.0	100.0
17.262790600000017	63.0	100.0
17.280841999999893	63.0	100.0
17.28196969999999	63.0	100.0
17.30412339999998	63.0	100.0
17.304169300000012	63.0	100.0
17.32621539999991	63.0	100.0
17.326236899999913	63.0	100.0
17.340527300000076	63.0	100.0
17.340546099999983	63.0	100.0
17.362856899999997	63.0	100.0
17.36287870000001	63.0	100.0
17.38101400000005	63.0	100.0
17.381036799999947	63.0	100.0
17.402278699999897	63.0	100.0
17.403752899999972	63.0	100.0
17.42180600000006	63.0	100.0
17.42268869999998	63.0	100.0
17.443259099999977	63.0	100.0
17.4441268999999	63.0	100.0
17.464364499999874	63.0	100.0
17.464385799999945	63.0	100.0
17.484901499999978	63.0	100.0
17.485410600000023	63.0	100.0
17.500128399999994	63.0	100.0
17.500152699999944	63.0	100.0
17.524862499999927	63.0	100.0
17.524897999999894	63.0	100.0
17.54189539999993	63.0	100.0
17.541930899999898	63.0	100.0
17.563294099999894	63.0	100.0
17.563426100000015	63.0	100.0
17.582022800000004	63.0	100.0
17.58204599999999	63.0	100.0
17.60207349999996	63.0	100.0
17.60296919999996	63.0	100.0
17.624267500000087	63.0	100.0
17.62431330000004	63.0	100.0
17.647639000000026	63.0	100.0
17.6476889999999	63.0	100.0
17.663109600000098	63.0	100.0
17.66326950000007	63.0	100.0
17.682583600000044	63.0	100.0
17.682604899999887	63.0	100.0
17.7033985999999	63.0	100.0
17.703445599999895	63.0	100.0
17.723270700000057	63.0	100.0
17.723290800000086	63.0	100.0
17.743816299999935	63.0	100.0
17.743836200000032	63.0	100.0
17.764399599999933	63.0	100.0
17.764446500000076	63.0	100.0
17.784840199999962	63.0	100.0
17.7848833999999	63.0	100.0
17.806137600000056	63.0	100.0
17.806176399999913	63.0	100.0
17.825036199999886	63.0	100.0
17.825065400000085	63.0	100.0
17.84417600000006	63.0	100.0
17.844215300000087	63.0	100.0
17.862548699999934	63.0	100.0
17.863766599999963	63.0	100.0
17.88331900000003	63.0	100.0
17.883338200000026	63.0	100.0
17.904845900000055	63.0	100.0
17.904865900000004	63.0	100.0
17.923284100000046	63.0	100.0
17.923938200000066	63.0	100.0
17.944574599999896	63.0	100.0
17.947370999999976	63.0	100.0
17.964554200000066	63.0	100.0
17.964577400000053	63.0	100.0
17.98220850000007	63.0	100.0
17.98222779999992	63.0	100.0
18.00141460000009	63.0	100.0
18.00229360000003	63.0	100.0
18.0234453999999	63.0	100.0
18.02346639999996	63.0	100.0
18.04269750000003	63.0	100.0
18.04274529999998	63.0	100.0
18.062653599999976	63.0	100.0
18.06270049999989	63.0	100.0
18.081734000000097	63.0	100.0
18.08176780000008	63.0	100.0
18.103676799999903	63.0	100.0
18.1040081000001	63.0	100.0
18.128146100000095	63.0	100.0
18.12817169999994	63.0	100.0
18.143280699999877	63.0	100.0
18.143316800000093	63.0	100.0
18.16359269999998	63.0	100.0
18.1636175000001	63.0	100.0
18.181215600000087	63.0	100.0
18.181250599999885	63.0	100.0
18.203156399999898	63.0	100.0
18.203191099999913	63.0	100.0
18.221299199999976	63.0	100.0
18.221320800000058	63.0	100.0
18.243707500000028	63.0	100.0
18.243756600000097	63.0	100.0
18.264095400000087	63.0	100.0
18.264130999999907	63.0	100.0
18.287074800000028	63.0	100.0
18.287109299999884	63.0	100.0
18.30434790000004	63.0	100.0
18.304382199999964	63.0	100.0
18.32388590000005	63.0	100.0
18.32462119999991	63.0	100.0
18.344266800000014	63.0	100.0
18.34428920000005	63.0	100.0
18.364716900000076	63.0	100.0
18.364776899999924	63.0	100.0
18.38387829999988	63.0	100.0
18.384596899999906	63.0	100.0
18.40432080000005	63.0	100.0
18.405678800000032	63.0	100.0
18.424026800000092	63.0	100.0
18.42630740000004	63.0	100.0
18.447358500000064	63.0	100.0
18.448174599999902	63.0	100.0
18.464261899999883	63.0	100.0
18.464286700000002	63.0	100.0
18.483573100000058	63.0	100.0
18.485554099999945	63.0	100.0
18.50718280000001	63.0	100.0
18.507250299999896	63.0	100.0
18.524857299999894	63.0	100.0
18.524907799999937	63.0	100.0
18.545674799999915	63.0	100.0
18.54572119999989	63.0	100.0
18.564902399999937	63.0	100.0
18.56567139999993	63.0	100.0
18.584945199999993	63.0	100.0
18.585068599999886	63.0	100.0
18.608255599999893	63.0	100.0
18.608274299999948	63.0	100.0
18.624777600000016	63.0	100.0
18.62479979999989	63.0	100.0
18.64516639999988	63.0	100.0
18.6451861999999	63.0	100.0
18.66218499999991	63.0	100.0
18.662229600000046	63.0	100.0
18.68513690000009	63.0	100.0
18.685156000000006	63.0	100.0
18.70521450000001	63.0	100.0
18.705233200000066	63.0	100.0
18.726955699999962	63.0	100.0
18.72791200000006	63.0	100.0
18.746726500000022	63.0	100.0
18.746760600000016	63.0	100.0
18.76771030000009	63.0	100.0
18.76774589999991	63.0	100.0
18.78461040000002	63.0	100.0
18.78563609999992	63.0	100.0
18.80531700000006	63.0	100.0
18.805334099999982	63.0	100.0
18.825170600000092	63.0	100.0
18.825195500000063	63.0	100.0
18.846385900000087	63.0	100.0
18.84640749999994	63.0	100.0
18.86656079999989	63.0	100.0
18.866581199999928	63.0	100.0
18.885065799999893	63.0	100.0
18.887041599999975	63.0	100.0
18.905674899999894	63.0	100.0
18.90668000000005	63.0	100.0
18.927744300000086	63.0	100.0
18.927764099999877	63.0	100.0
18.945215499999904	63.0	100.0
18.946210900000096	63.0	100.0
18.964761199999884	63.0	100.0
18.964808100000027	63.0	100.0
18.984824200000048	63.0	100.0
18.986249399999906	63.0	100.0
19.00640700000008	63.0	100.0
19.00642599999992	63.0	100.0
19.02202239999997	63.0	100.0
19.02204239999992	63.0	100.0
19.03983070000004	63.0	100.0
19.04046930000004	63.0	100.0
19.05746690000001	63.0	100.0
19.057580099999996	63.0	100.0
19.0799935	63.0	100.0
19.080375600000025	63.0	100.0
19.09702960000004	63.0	100.0
19.09754320000002	63.0	100.0
19.122749699999986	63.0	100.0
19.122781699999905	63.0	100.0
19.142785300000014	63.0	100.0
19.142806000000064	63.0	100.0
19.163174900000058	63.0	100.0
19.163221300000032	63.0	100.0
19.183866699999953	63.0	100.0
19.183916299999964	63.0	100.0
19.203718600000002	63.0	100.0
19.20373790000008	63.0	100.0
19.22375409999995	63.0	100.0
19.22377520000009	63.0	100.0
19.245836000000054	63.0	100.0
19.245883699999922	63.0	100.0
19.2639850999999	63.0	100.0
19.264003799999955	63.0	100.0
19.285099400000036	63.0	100.0
19.28513380000004	63.0	100.0
19.303378199999997	63.0	100.0
19.30341199999998	63.0	100.0
19.32510389999993	63.0	100.0
19.327387699999917	63.0	100.0
19.34803140000008	63.0	100.0
19.348076799999944	63.0	100.0
19.366936899999928	63.0	100.0
19.366956200000004	63.0	100.0
19.38420219999989	63.0	100.0
19.384245400000054	63.0	100.0
19.407251000000088	63.0	100.0
19.407285	63.0	100.0
19.4239156000001	63.0	100.0
19.423949700000094	63.0	100.0
19.447174299999915	63.0	100.0
19.44719699999996	63.0	100.0
19.466872199999898	63.0	100.0
19.46760109999991	63.0	100.0
19.48720430000003	63.0	100.0
19.487247300000035	63.0	100.0
19.50609510000004	63.0	100.0
19.508513400000083	63.0	100.0
19.526052100000015	63.0	100.0
19.526645400000007	63.0	100.0
19.556133799999998	63.0	100.0
19.556168699999944	63.0	100.0
19.56820270000003	63.0	100.0
19.5699924999999	63.0	100.0
19.586332200000015	63.0	100.0
19.586353400000007	63.0	100.0
19.606532499999958	63.0	100.0
19.606552299999976	63.0	100.0
19.62724400000002	63.0	100.0
19.629134399999884	63.0	100.0
19.645282700000053	63.0	100.0
19.645302599999923	63.0	100.0
19.665936200000033	63.0	100.0
19.667138300000033	63.0	100.0
19.685084799999913	63.0	100.0
19.685989800000016	63.0	100.0
19.70501319999994	63.0	100.0
19.705036199999995	63.0	100.0
19.728145900000072	63.0	100.0
19.728166599999895	63.0	100.0
19.74485219999997	63.0	100.0
19.744870300000002	63.0	100.0
19.764637199999925	63.0	100.0
19.764655400000038	63.0	100.0
19.785319999999956	63.0	100.0
19.78533779999998	63.0	100.0
19.806044200000088	63.0	100.0
19.806068500000038	63.0	100.0
19.82422509999992	63.0	100.0
19.82424530000003	63.0	100.0
19.844708399999945	63.0	100.0
19.8450421	63.0	100.0
19.86683939999989	63.0	100.0
19.866858699999966	63.0	100.0
19.885691899999983	63.0	100.0
19.885712000000012	63.0	100.0
19.905879500000083	63.0	100.0
19.905929199999946	63.0	100.0
19.925696300000027	63.0	100.0
19.925714799999923	63.0	100.0
19.948021400000016	63.0	100.0
19.948049200000014	63.0	100.0
19.964482999999973	65.0	100.0
19.964505800000097	65.0	100.0
19.983296299999893	65.0	100.0
19.983330699999897	65.0	100.0
20.007004099999904	65.0	100.0
20.007034100000055	65.0	100.0
20.02264910000008	65.0	100.0
20.022679500000095	65.0	100.0
20.047188400000095	65.0	100.0
20.047223600000052	65.0	100.0
20.06459380000001	65.0	100.0
20.064629100000047	65.0	100.0
20.086373200000025	65.0	100.0
20.086401499999965	65.0	100.0
20.106376700000055	65.0	100.0
20.106412200000022	65.0	100.0
20.125313000000006	65.0	100.0
20.125349200000073	65.0	100.0
20.145827900000086	65.0	100.0
20.145889800000077	65.0	100.0
20.166872600000033	65.0	100.0
20.1682687	65.0	100.0
20.186184800000092	65.0	100.0
20.186204999999973	65.0	100.0
20.208913200000097	65.0	100.0
20.20894969999995	65.0	100.0
20.226320100000066	65.0	100.0
20.22723330000008	65.0	100.0
20.249637800000073	65.0	100.0
20.249673699999903	65.0	100.0
20.26903900000002	65.0	100.0
20.269064300000082	65.0	100.0
20.288429799999903	65.0	100.0
20.288463599999886	65.0	100.0
20.306887899999992	65.0	100.0
20.307564199999888	65.0	100.0
20.327334999999948	65.0	100.0
20.327631399999973	65.0	100.0
20.347949599999993	65.0	100.0
20.348198299999922	65.0	100.0
20.370231800000056	65.0	100.0
20.37212270000009	65.0	100.0
20.388288699999976	65.0	100.0
20.388315899999952	65.0	100.0
20.407613200000014	65.0	100.0
20.40763990000005	65.0	100.0
20.42702170000007	65.0	100.0
20.42704309999999	65.0	100.0
20.448197700000037	65.0	100.0
20.44824369999992	65.0	100.0
20.4685692999999	65.0	100.0
20.46859769999992	65.0	100.0
20.48906469999997	65.0	100.0
20.4890926999999	65.0	100.0
20.5081146	65.0	100.0
20.508140299999923	65.0	100.0
20.529783700000053	65.0	100.0
20.529822700000068	65.0	100.0
20.54690000000005	65.0	100.0
20.546937800000023	65.0	100.0
20.567600599999878	65.0	100.0
20.56763849999993	65.0	100.0
20.58798210000009	65.0	100.0
20.58800969999993	65.0	100.0
20.606960999999956	65.0	100.0
20.60793609999996	65.0	100.0
20.62702369999988	65.0	100.0
20.62781679999989	65.0	100.0
20.646044800000027	65.0	100.0
20.646072999999888	65.0	100.0
20.66823320000003	65.0	100.0
20.66828110000006	65.0	100.0
20.6918627	65.0	100.0
20.691889100000026	65.0	100.0
20.705673700000034	65.0	100.0
20.70571240000004	65.0	100.0
