x0000,y0000
0.,7.0004658247
0.0040016006,-0.5943914175
0.0080032013,-4.806595596
0.0120048019,7.8297821421
0.0160064026,8.8331626729
0.0200080032,12.5954262933
0.0240096038,8.7502684283
0.0280112045,-1.9215605949
0.0320128051,0.6056276165
0.0360144058,8.7721475107
0.0400160064,11.6615356438
0.0440176070,4.7980223212
0.0480192077,4.7485526912
0.0520208083,11.871312257
0.056022409,4.0740427111
0.0600240096,5.9978532755
0.0640256102,11.5252094015
0.0680272109,7.0266566464
0.0720288115,8.6221365825
0.0760304122,5.2791892491
0.0800320128,10.2109465851
0.0840336134,16.2305931125
0.0880352141,7.0582226855
0.0920368147,13.7856335296
0.0960384154,12.3392720022
0.1000400160,17.4527549002
0.1040416166,17.6583979829
0.1080432173,5.4235760637
0.1120448179,1.6092639922
0.1160464186,4.5862010378
0.1200480192,8.3354317979
0.1240496198,7.8708088373
0.1280512205,8.3581762988
0.1320528211,8.2428845798
0.1360544218,9.1927937140
0.1400560224,14.0826142671
0.1440576230,15.2327156714
0.1480592237,12.6731449007
0.1520608243,18.1410497476
0.156062425,6.1115108144
0.1600640256,7.0690042985
0.1640656263,7.8177973328
0.1680672269,7.1516847161
0.1720688275,5.3459192965
0.1760704282,1.9993209275
0.1800720288,4.1632868139
0.1840736295,0.2833242971
0.1880752301,-8.8307793121
0.1920768307,2.1585188608
0.1960784314,-0.1911860428
0.2000800320,-0.5344452334
0.2040816327,-1.1616773567
0.2080832333,-2.2553282271
0.2120848339,4.3230343955
0.2160864346,10.7313379521
0.2200880352,14.6501896987
0.2240896359,10.1790420942
0.2280912365,9.0034078435
0.2320928371,14.7093056205
0.2360944378,14.508773268
0.2400960384,17.1946148445
0.2440976391,17.5412881890
0.2480992397,14.582247951
0.2521008403,18.7752299616
0.256102441,17.3406923671
0.2601040416,18.7836844083
0.2641056423,18.9869943236
0.2681072429,14.600778997
0.2721088435,11.0086898773
0.2761104442,7.1998555141
0.2801120448,14.3755867977
0.2841136455,8.7178418565
0.2881152461,5.2007896379
0.2921168467,21.4001185902
0.2961184474,24.9079650048
0.3001200480,20.2498466663
0.3041216487,21.5641545307
0.3081232493,25.1389925344
0.3121248499,26.5656840556
0.3161264506,20.5058380817
0.3201280512,13.2569882194
0.3241296519,3.5965629113
0.3281312525,-7.3436314956
0.3321328531,-4.3612632873
0.3361344538,0.7254341752
0.3401360544,11.1412056808
0.3441376551,11.4729846936
0.3481392557,12.094133274
0.3521408563,15.1524698564
0.356142457,4.8244506941
0.3601440576,5.5988486863
0.3641456583,9.3305965996
0.3681472589,6.0482642269
0.3721488595,3.8632387049
0.3761504602,5.2696478762
0.3801520608,12.4675828574
0.3841536615,9.5994530011
0.3881552621,7.3959034629
0.3921568627,3.9701105715
0.3961584634,-2.3820575194
0.4001600640,3.1061075063
0.4041616647,1.5975689619
0.4081632653,-4.202228403
0.4121648659,-4.2997400083
0.4161664666,-8.4918534302
0.4201680672,-8.0095510607
0.4241696679,-9.8657171262
0.4281712685,-11.162539043
0.4321728691,-5.9653209471
0.4361744698,-8.4768478359
0.4401760704,-3.5320324712
0.4441776711,-11.374914895
0.4481792717,-13.0838255278
0.4521808723,-12.1272012833
0.456182473,-20.6594791807
0.4601840736,-19.758302909
0.4641856743,-19.0455222230
0.4681872749,-22.4187454768
0.4721888756,-24.4993426951
0.4761904762,-25.3159784060
0.4801920768,-17.7175308196
0.4841936775,-12.1733477385
0.4881952781,-22.1159896399
0.4921968788,-18.3897125202
0.4961984794,-24.1742380936
0.5002000800,-23.1823345488
0.5042016807,-19.1758599513
0.5082032813,-19.7513518433
0.512204882,-19.6235857794
0.5162064826,-28.7126033881
0.5202080832,-25.2068619085
0.5242096839,-27.5798708013
0.5282112845,-37.5688478044
0.5322128852,-32.8313089727
0.5362144858,-31.9709935680
0.5402160864,-27.0016811701
0.5442176871,-28.1904778659
0.5482192877,-31.1616704281
0.5522208884,-31.4896209832
0.556222489,-33.6836383762
0.5602240896,-27.9228655745
0.5642256903,-34.4057070852
0.5682272909,-36.6066246890
0.5722288916,-33.632264408
0.5762304922,-47.9801983199
0.5802320928,-46.8945631872
0.5842336935,-42.8884480372
0.5882352941,-48.3677225212
0.5922368948,-48.9525675900
0.5962384954,-45.3410891993
0.6002400960,-45.2004394084
0.6042416967,-49.3561519917
0.6082432973,-56.7938037083
0.612244898,-56.5604995187
0.6162464986,-55.8088769742
0.6202480992,-49.3410702478
0.6242496999,-55.8379534226
0.6282513005,-64.1712443156
0.6322529012,-56.8014089108
0.6362545018,-66.7355870267
0.6402561024,-62.2923234191
0.6442577031,-59.0614680050
0.6482593037,-64.922603694
0.6522609044,-65.7823109549
0.6562625050,-66.1073036074
0.6602641056,-60.3318536672
0.6642657063,-51.0883669515
0.6682673069,-52.4395350469
0.6722689076,-45.0338213421
0.6762705082,-40.6185032215
0.6802721088,-46.9673471796
0.6842737095,-49.1611427515
0.6882753101,-47.8618138952
0.6922769108,-41.9887760933
0.6962785114,-40.7112883318
0.7002801120,-40.7902930331
0.7042817127,-32.0752789748
0.7082833133,-27.3879300746
0.712284914,-20.6571897600
0.7162865146,-26.24290689
0.7202881152,-14.0538663355
0.7242897159,-3.9553888938
0.7282913165,0.2452148503
0.7322929172,8.6599049556
0.7362945178,9.3292483128
0.7402961184,20.6092062515
0.7442977191,19.6785962057
0.7482993197,23.1691007234
0.7523009204,27.1902974226
0.7563025210,20.4669066337
0.7603041216,32.5038497799
0.7643057223,34.9874762363
0.7683073229,34.7283108319
0.7723089236,48.1896011329
0.7763105242,48.7321867079
0.7803121248,45.8466682839
0.7843137255,56.5074933126
0.7883153261,61.9701083201
0.7923169268,64.1390933959
0.7963185274,59.828982868
0.8003201281,57.2540456927
0.8043217287,56.4054223209
0.8083233293,61.9712186605
0.81232493,71.7576722915
0.8163265306,60.1051487761
0.8203281313,60.3154554074
0.8243297319,64.0387973759
0.8283313325,55.40990711
0.8323329332,54.9726102067
0.8363345338,53.9419715963
0.8403361345,54.5562689723
0.8443377351,41.6634993281
0.8483393357,39.6349685005
0.8523409364,57.391459316
0.8563425370,47.1773123855
0.8603441377,42.7007582035
0.8643457383,44.7192787629
0.8683473389,39.3055717862
0.8723489396,42.7114808944
0.8763505402,46.3400011349
0.8803521409,44.6300662136
0.8843537415,42.8608592651
0.8883553421,37.2659856607
0.8923569428,40.9422483995
0.8963585434,44.1098403425
0.9003601441,44.8976066516
0.9043617447,33.6333232126
0.9083633453,27.7979612367
0.912364946,38.536944305
0.9163665466,38.6021363255
0.9203681473,39.3885507673
0.9243697479,36.8486888950
0.9283713485,31.2635777428
0.9323729492,37.0094181726
0.9363745498,32.6414132249
0.9403761505,27.7869113296
0.9443777511,30.3873428303
0.9483793517,31.3892590401
0.9523809524,25.8945257968
0.9563825530,25.8565143854
0.9603841537,25.0171858936
0.9643857543,19.4185368075
0.9683873549,21.7960617487
0.9723889556,22.8396136581
0.9763905562,9.9697320109
0.9803921569,13.4224943938
0.9843937575,19.8724054542
0.9883953581,11.4872018666
0.9923969588,8.2141115833
0.9963985594,7.9853657681
1.0004001601,6.3796953011
1.0044017607,4.4336030334
1.0084033613,4.1484136190
1.012404962,9.9325320891
1.0164065626,12.4534492502
1.0204081633,11.3333888724
1.0244097639,6.2504877271
1.0284113645,11.5323820999
1.0324129652,10.2111737024
1.0364145658,-0.2828503497
1.0404161665,1.6111091536
1.0444177671,4.4925218066
1.0484193677,3.8662611270
1.0524209684,3.6596191365
1.0564225690,-3.054879554
1.0604241697,-0.0434403086
1.0644257703,5.4786802420
1.0684273709,0.233349547
1.0724289716,0.7284285843
1.0764305722,-12.025861665
1.0804321729,-6.0638069772
1.0844337735,6.5162550927
1.0884353741,5.5738739562
1.0924369748,-3.2339653506
1.0964385754,-13.3354148766
1.1004401761,-4.7562447522
1.1044417767,-2.3006574392
1.1084433774,-9.7428599777
1.112444978,-15.8889262533
1.1164465786,-15.2333301983
1.1204481793,-12.8323074163
1.1244497799,-20.0047971751
1.1284513806,-16.6215935572
1.1324529812,-13.4348646855
1.1364545818,-21.7657612287
1.1404561825,-31.1272087109
1.1444577831,-25.8685120192
1.1484593838,-19.4735113487
1.1524609844,-12.6039801146
1.1564625850,-11.22089145
1.1604641857,-4.4008940854
1.1644657863,-10.5126302483
1.168467387,-9.2585764207
1.1724689876,-12.3312880252
1.1764705882,-16.3357288559
1.1804721889,-19.3133858465
1.1844737895,-24.8270006140
1.1884753902,-26.674885289
1.1924769908,-17.3205120095
1.1964785914,-18.5654644726
1.2004801921,-26.7907242627
1.2044817927,-28.6220116391
1.2084833934,-28.0711064836
1.212484994,-23.7109256018
1.2164865946,-14.9671592713
1.2204881953,-19.5181032465
1.2244897959,-27.9259457056
1.2284913966,-23.8434399558
1.2324929972,-11.8025847446
1.2364945978,-16.6537811716
1.2404961985,-16.1234205299
1.2444977991,-12.1403829245
1.2484993998,-10.9977172204
1.2525010004,-18.4032340687
1.2565026010,-22.1239679056
1.2605042017,-16.7194489401
1.2645058023,-12.4226114752
1.268507403,-19.2553031747
1.2725090036,-19.2931561130
1.2765106042,-14.3797149012
1.2805122049,-1.4031322582
1.2845138055,-10.7032544786
1.2885154062,-25.4458034016
1.2925170068,-15.8377146724
1.2965186074,-14.4437477203
1.3005202081,-7.2558547696
1.3045218087,-7.0836421049
1.3085234094,-12.5485167824
1.3125250100,-7.4888128986
1.3165266106,-8.6617398560
1.3205282113,-0.4372973247
1.3245298119,-6.5651872015
1.3285314126,-11.5230601274
1.3325330132,-4.7378636553
1.3365346138,-3.6059286785
1.3405362145,-6.3568594698
1.3445378151,-3.7069352177
1.3485394158,-1.0833061721
1.3525410164,-5.6734901004
1.3565426170,-11.209437217
1.3605442177,-12.8816388688
1.3645458183,-4.4921212103
1.368547419,-8.4158693184
1.3725490196,-4.5509841787
1.3765506202,-16.8428703235
1.3805522209,-10.7958787588
1.3845538215,-1.5174511525
1.3885554222,-16.0616053294
1.3925570228,-11.4865772061
1.3965586234,-7.1397187045
1.4005602241,-2.8740389987
1.4045618247,-5.0810997588
1.4085634254,-5.2574221955
1.4125650260,-1.0702459232
1.4165666267,-5.3534069106
1.4205682273,-0.0176865549
1.4245698279,2.7460066723
1.4285714286,3.0764122798
1.4325730292,3.1370341562
1.4365746299,-1.5856719018
1.4405762305,-4.4453407515
1.4445778311,1.3410684334
1.4485794318,3.7698529075
1.4525810324,4.1527646089
1.4565826331,0.3374685859
1.4605842337,3.7661230531
1.4645858343,4.5628607230
1.468587435,1.3347518898
1.4725890356,0.7477282287
1.4765906363,-1.3145640647
1.4805922369,10.5435696329
1.4845938375,14.4836142700
1.4885954382,1.3183159255
1.4925970388,6.7221196241
1.4965986395,8.6634659325
1.5006002401,6.334110153
1.5046018407,1.6001881135
1.5086034414,2.1129149508
1.5126050420,16.5535157776
1.5166066427,15.2090569182
1.5206082433,6.5254582521
1.5246098439,-0.1939467175
1.5286114446,-2.034008527
1.5326130452,11.0874320074
1.5366146459,6.9501119038
1.5406162465,-0.5267762993
1.5446178471,9.1602917090
1.5486194478,14.6756272239
1.5526210484,4.3171294007
1.5566226491,4.2840888409
1.5606242497,13.8021532129
1.5646258503,13.0523725175
1.568627451,12.6896845069
1.5726290516,18.0852538704
1.5766306523,16.5797915252
1.5806322529,20.8399410073
1.5846338535,12.8983846449
1.5886354542,4.5132311952
1.5926370548,3.3767391493
1.5966386555,3.9810030233
1.6006402561,17.4598129615
1.6046418567,9.9979016718
1.6086434574,5.5840758736
1.6126450580,2.5012068359
1.6166466587,4.4807856488
1.6206482593,1.6327270231
1.6246498599,-0.6422688799
1.6286514606,7.4166505429
1.6326530612,14.5611951038
1.6366546619,13.9886716216
1.6406562625,15.7731732544
1.6446578631,16.9867616292
1.6486594638,16.5954558521
1.6526610644,18.2811765549
1.6566626651,13.6400031445
1.6606642657,10.6997160185
1.6646658663,-0.0251736307
1.668667467,-10.3439859015
1.6726690676,-11.5740446956
1.6766706683,-10.2029271916
1.6806722689,-7.9457093608
1.6846738695,-20.9350132614
1.6886754702,-14.3508196479
1.6926770708,-4.7614026294
1.6966786715,-5.970456886
1.7006802721,0.8868768413
1.7046818727,5.1132227317
1.7086834734,8.9021793206
1.7126850740,3.4159568837
1.7166866747,-0.7881199337
1.7206882753,-0.6740510783
1.724689876,-0.2031238013
1.7286914766,1.7122813416
1.7326930772,4.6319130657
1.7366946779,-5.6203595268
1.7406962785,-7.5671764276
1.7446978792,-9.6530203364
1.7486994798,-5.2597941173
1.7527010804,-7.5699701862
1.7567026811,-8.44700736
1.7607042817,-8.1295030407
1.7647058824,-7.6879506316
1.768707483,5.5495941360
1.7727090836,9.4046956959
1.7767106843,3.7726488876
1.7807122849,9.5352937461
1.7847138856,13.1660334163
1.7887154862,9.9607791440
1.7927170868,18.1845690590
1.7967186875,5.8735462470
1.8007202881,2.9384452123
1.8047218888,-3.0632582553
1.8087234894,-0.1816829924
1.8127250900,-10.1257019507
1.8167266907,-18.1346057653
1.8207282913,-12.5494166452
1.824729892,-18.1692988336
1.8287314926,-22.9225024161
1.8327330932,-14.8140218441
1.8367346939,-15.8484114089
1.8407362945,-22.0035806907
1.8447378952,-24.6903345387
1.8487394958,-18.9169071035
1.8527410964,-12.6178066420
1.8567426971,-8.5174232450
1.8607442977,-0.9038631242
1.8647458984,0.0706444777
1.868747499,-1.7636652732
1.8727490996,-1.5588432746
1.8767507003,-7.2356291148
1.8807523009,-4.048922575
1.8847539016,-4.8183012401
1.8887555022,-15.2468536672
1.8927571028,-13.8782729348
1.8967587035,-14.8561703438
1.9007603041,-9.8728319861
1.9047619048,-5.3792363347
1.9087635054,-4.2677384975
1.9127651060,1.5696701201
1.9167667067,-9.2430374777
1.9207683073,-2.5221161901
1.924769908,3.6318358930
1.9287715086,0.6913950795
1.9327731092,4.0180211285
1.9367747099,5.3295025652
1.9407763105,9.4441086591
1.9447779112,10.6099328589
1.9487795118,9.9534261605
1.9527811124,3.3966913664
1.9567827131,-0.6497462197
1.9607843137,0.3861793951
1.9647859144,-6.3854277929
1.9687875150,-8.4740732543
1.9727891156,-5.3925424024
1.9767907163,-10.6223609707
1.9807923169,-9.4805059582
1.9847939176,-5.0372300278
1.9887955182,-8.1349880148
1.9927971188,-1.6102485582
1.9967987195,-9.0938427876
2.0008003201,-8.9481215339
2.0048019208,-3.2426282418
2.0088035214,0.3165973353
2.0128051220,3.5170325522
2.0168067227,-0.0857431672
2.0208083233,6.7790608361
2.024809924,6.2965119121
2.0288115246,4.1526480424
2.0328131253,7.7775010365
2.0368147259,-5.1224626594
2.0408163265,-9.2368618484
2.0448179272,-10.0464768538
2.0488195278,-16.1704349815
2.0528211285,-16.6206303317
2.0568227291,-10.1550290756
2.0608243297,-1.1914091740
2.0648259304,1.4501803354
2.0688275310,-4.9104410670
2.0728291317,-3.7110772019
2.0768307323,-1.666655067
2.0808323329,4.5790192456
2.0848339336,6.7122291173
2.0888355342,1.1920638948
2.0928371349,3.4003733473
2.0968387355,10.7821355067
2.1008403361,10.4856254933
2.1048419368,5.2505797931
2.1088435374,-1.7667320522
2.1128451381,1.3920538157
2.1168467387,1.9423336881
2.1208483393,3.4992348793
2.12484994,-2.5183036705
2.1288515406,6.0387529489
2.1328531413,9.4635200859
2.1368547419,7.6877145516
2.1408563425,9.4650148523
2.1448579432,10.0278530602
2.1488595438,17.1564862685
2.1528611445,20.1139370341
2.1568627451,20.6477055016
2.1608643457,24.7529339431
2.1648659464,19.5566789396
2.1688675470,14.0745719725
2.1728691477,10.4778509714
2.1768707483,7.3437266100
2.1808723489,5.0379339756
2.1848739496,-3.7267180216
2.1888755502,-7.1750047654
2.1928771509,2.7134452907
2.1968787515,-0.9915469949
2.2008803521,-8.7526045029
2.2048819528,-6.9637616235
2.2088835534,-3.8009766249
2.2128851541,6.5654673949
2.2168867547,-4.0558274025
2.2208883553,-5.0699254034
2.224889956,-7.3557150004
2.2288915566,-4.8680639174
2.2328931573,-2.5556323246
2.2368947579,4.3528223243
2.2408963585,11.1647756574
2.2448979592,14.8655112982
2.2488995598,14.7652854217
2.2529011605,10.2100820863
2.2569027611,5.2371044976
2.2609043617,0.1173607872
2.2649059624,2.6165874659
2.2689075630,5.7854560458
2.2729091637,0.6820762040
2.2769107643,-3.6003683212
2.2809123649,1.4208317002
2.2849139656,2.9835711109
2.2889155662,3.7943771765
2.2929171669,7.8741638508
2.2969187675,3.7630087957
2.3009203681,6.8768613143
2.3049219688,3.0904267473
2.3089235694,11.5655974371
2.3129251701,16.2046417671
2.3169267707,14.9247831213
2.3209283713,23.5277475509
2.324929972,23.9359908799
2.3289315726,19.5653135990
2.3329331733,14.0458278571
2.3369347739,19.6078146804
2.3409363745,13.9275035239
2.3449379752,3.0795703212
2.3489395758,3.2101793132
2.3529411765,-0.2845359786
2.3569427771,-1.8507259481
2.3609443778,1.8127885960
2.3649459784,-3.7549800203
2.3689475790,-3.293866886
2.3729491797,4.6319575446
2.3769507803,-5.4969120270
2.380952381,-1.9518247138
2.3849539816,7.0284873434
2.3889555822,7.6354036144
2.3929571829,5.1428349569
2.3969587835,10.5517094797
2.4009603842,15.5694558898
2.4049619848,9.1888000262
2.4089635854,8.0438052743
2.4129651861,10.0196066114
2.4169667867,0.2340855200
2.4209683874,-0.8319375251
2.424969988,-4.6714265938
2.4289715886,-1.1667189832
2.4329731893,-1.6906626323
2.4369747899,-11.8615961646
2.4409763906,-4.9320156009
2.4449779912,4.9989929383
2.4489795918,-7.4964270723
2.4529811925,-6.2759620256
2.4569827931,-4.2055898257
2.4609843938,-1.3271499732
2.4649859944,3.6294390401
2.4689875950,-1.0208679287
2.4729891957,-6.6943376959
2.4769907963,-0.2226131258
2.480992397,7.2279044838
2.4849939976,3.5206102786
2.4889955982,-0.7351480378
2.4929971989,3.9958019272
2.4969987995,1.0548228519
2.5010004002,6.1947398550
2.5050020008,5.1430351220
2.5090036014,-0.6412886315
2.5130052021,-5.1364283300
2.5170068027,-5.0428192014
2.5210084034,-4.8879166998
2.5250100040,-10.221720083
2.5290116046,-10.6805382171
2.5330132053,-2.9639192254
2.5370148059,-3.2598320269
2.5410164066,-9.180276124
2.5450180072,-11.0073091035
2.5490196078,-9.4199025443
2.5530212085,-3.420592204
2.5570228091,-5.4688453516
2.5610244098,-3.2065431103
2.5650260104,-7.8734720527
2.5690276110,-13.59167608
2.5730292117,-8.3061030238
2.5770308123,-12.7811165004
2.581032413,-11.6926410436
2.5850340136,-7.8355207741
2.5890356142,-6.6164944974
2.5930372149,0.2209195052
2.5970388155,-8.9175247664
2.6010404162,-0.0344882802
2.6050420168,-8.0645655543
2.6090436174,-12.9356643232
2.6130452181,-4.7676110506
2.6170468187,-11.1030640128
2.6210484194,-9.3310653451
2.6250500200,3.6434275686
2.6290516206,-1.4474973583
2.6330532213,-8.1687600668
2.6370548219,-14.6451775709
2.6410564226,-8.7009136255
2.6450580232,-3.2923152538
2.6490596238,-4.3810110153
2.6530612245,4.5202396793
2.6570628251,-0.1506749924
2.6610644258,1.8959760003
2.6650660264,0.6802548469
2.6690676271,-1.2935776647
2.6730692277,-8.9644439293
2.6770708283,-9.8871162606
2.681072429,-8.7034881334
2.6850740296,-8.8704062041
2.6890756303,-6.1890355339
2.6930772309,-2.0991475929
2.6970788315,-11.9847211537
2.7010804322,-9.7806807128
2.7050820328,-10.0064906936
2.7090836335,-4.6567722932
2.7130852341,-5.4604673445
2.7170868347,-12.9941349582
2.7210884354,-12.4219333548
2.7250900360,-13.6705516198
2.7290916367,-4.8220365828
2.7330932373,-3.3982654092
2.7370948379,-7.2238643971
2.7410964386,-0.4692728371
2.7450980392,0.2744615129
2.7490996399,-3.5245173326
2.7531012405,-5.8538259763
2.7571028411,-9.8426389895
2.7611044418,-9.8731427257
2.7651060424,-20.4578223463
2.7691076431,-13.8238183003
2.7731092437,-3.2534461428
2.7771108443,-6.2338230995
2.781112445,-6.8896624686
2.7851140456,-14.7223826275
2.7891156463,-18.4395186959
2.7931172469,-11.6447374589
2.7971188475,-10.3134360873
2.8011204482,-6.5935552981
2.8051220488,-8.1337294031
2.8091236495,-8.1311611788
2.8131252501,-1.3205522802
2.8171268507,10.8818629826
2.8211284514,5.7063773155
2.8251300520,-0.1112177253
2.8291316527,6.0865613241
2.8331332533,5.7075340462
2.8371348539,-12.3901591610
2.8411364546,-4.1480339135
2.8451380552,-3.2388221148
2.8491396559,-10.7677077348
2.8531412565,-8.5740836503
2.8571428571,-6.1005104407
2.8611444578,-6.9211851127
2.8651460584,0.6951563596
2.8691476591,-4.1417710350
2.8731492597,-2.8869684380
2.8771508603,-5.4863597263
2.881152461,1.3909466454
2.8851540616,0.0887697748
2.8891556623,3.8366849480
2.8931572629,15.8501580272
2.8971588635,14.6363276356
2.9011604642,12.9815178303
2.9051620648,5.2566694057
2.9091636655,4.4271299835
2.9131652661,8.1280510641
2.9171668667,2.6318035871
2.9211684674,10.9010836082
2.9251700680,7.2005850736
2.9291716687,2.7692790092
2.9331732693,4.0187607347
2.9371748699,-6.8105451797
2.9411764706,8.0118792886
2.9451780712,3.0196792707
2.9491796719,-6.8221458361
2.9531812725,1.280026259
2.9571828731,-0.8463253274
2.9611844738,12.6535951310
2.9651860744,13.6340682430
2.9691876751,12.1450375603
2.9731892757,14.5909129326
2.9771908764,8.3652855901
2.981192477,15.3533605215
2.9851940776,14.2196440114
2.9891956783,18.2165960240
2.9931972789,23.4825028762
2.9971988796,17.7914870433
3.0012004802,22.3198255035
3.0052020808,17.9122495794
3.0092036815,12.6116041053
3.0132052821,6.743505862
3.0172068828,-3.5624468218
3.0212084834,3.5325524683
3.0252100840,0.4664666503
3.0292116847,-2.2542277656
3.0332132853,0.1861460879
3.037214886,-12.5580363610
3.0412164866,-4.565462014
3.0452180872,-2.4580884681
3.0492196879,5.3752354002
3.0532212885,6.9225011589
3.0572228892,5.0427207538
3.0612244898,10.6208262969
3.0652260904,19.2949838605
3.0692276911,21.3855816362
3.0732292917,17.2238897933
3.0772308924,17.8958304059
3.081232493,17.2483310645
3.0852340936,1.3943670299
3.0892356943,0.9875781003
3.0932372949,11.8062901159
3.0972388956,4.0230117713
3.1012404962,-1.3386564015
3.1052420968,-5.4761127633
3.1092436975,-1.3156320802
3.1132452981,4.1506308974
3.1172468988,-0.6163559396
3.1212484994,13.4047985748
3.1252501000,19.6095306801
3.1292517007,3.9952504033
3.1332533013,7.8785902553
3.137254902,10.4994155207
3.1412565026,14.9965764402
3.1452581032,7.4299132088
3.1492597039,8.144305338
3.1532613045,14.5268844794
3.1572629052,15.5893075219
3.1612645058,5.0644100223
3.1652661064,5.5245640558
3.1692677071,2.5597573249
3.1732693077,4.6586921789
3.1772709084,-5.7802265658
3.1812725090,-6.4769553218
3.1852741096,-1.0814695254
3.1892757103,-6.0574822553
3.1932773109,-7.3176968932
3.1972789116,-1.7978571163
3.2012805122,11.139118764
3.2052821128,13.4290675119
3.2092837135,8.1143620525
3.2132853141,12.4401051972
3.2172869148,8.7920882518
3.2212885154,12.2127252486
3.2252901160,10.2069020426
3.2292917167,8.2360817211
3.2332933173,8.1602672909
3.237294918,3.6261344924
3.2412965186,0.1502629088
3.2452981192,-7.2816458465
3.2492997199,-11.4909632670
3.2533013205,-4.5662537699
3.2573029212,-2.7223952130
3.2613045218,-8.5999175023
3.2653061224,-13.1939298105
3.2693077231,-5.0006528777
3.2733093237,-3.5423530771
3.2773109244,0.1407740785
3.2813125250,-6.5910524969
3.2853141257,-8.4874256412
3.2893157263,-8.4327767348
3.2933173269,-5.1987413927
3.2973189276,-2.9900280676
3.3013205282,-0.32333575
3.3053221289,-0.2708836959
3.3093237295,-2.9274084021
3.3133253301,-9.7135191142
3.3173269308,-12.7508966221
3.3213285314,-4.5614290781
3.3253301321,-4.8287998747
3.3293317327,-9.4283598037
3.3333333333,-6.7538367753
3.337334934,-13.9569494203
3.3413365346,-11.2891594448
3.3453381353,-2.556633626
3.3493397359,1.3537950864
3.3533413365,1.6927199007
3.3573429372,0.8217166893
3.3613445378,-0.4364891698
3.3653461385,-4.2233009804
3.3693477391,-2.2783577847
3.3733493397,11.6378975912
3.3773509404,12.5396475474
3.3813525410,4.9933945199
3.3853541417,0.0164465199
3.3893557423,7.1640960708
3.3933573429,7.6202673727
3.3973589436,-0.3245865274
3.4013605442,-8.7362101690
3.4053621449,-14.8156394240
3.4093637455,-11.7216343686
3.4133653461,-12.5761940392
3.4173669468,-10.2344141017
3.4213685474,-13.9820399693
3.4253701481,-15.1747660974
3.4293717487,-4.4378734814
3.4333733493,-5.6293922102
3.43737495,-11.5814297095
3.4413765506,-2.0217799907
3.4453781513,-5.2091164262
3.4493797519,-3.380826792
3.4533813525,8.6018279818
3.4573829532,-4.8805798337
3.4613845538,-1.9014952500
3.4653861545,-8.9996390746
3.4693877551,-11.7740866775
3.4733893557,-2.10457982
3.4773909564,-13.0680611332
3.4813925570,-10.9489055237
3.4853941577,-10.8655354843
3.4893957583,-8.0847619508
3.4933973589,-13.2951195936
3.4973989596,-21.4556571320
3.5014005602,-14.3926320979
3.5054021609,-10.2281942005
3.5094037615,-13.5821566686
3.5134053621,-13.207409164
3.5174069628,-15.640088332
3.5214085634,-6.3893671596
3.5254101641,-4.0132844492
3.5294117647,-7.5710349602
3.5334133653,3.5888554519
3.537414966,2.4060700272
3.5414165666,-1.4038749065
3.5454181673,-0.9335294815
3.5494197679,3.4498397910
3.5534213685,-0.0946740489
3.5574229692,-11.5926236734
3.5614245698,-6.6276796256
3.5654261705,-6.3914462943
3.5694277711,-16.4139479048
3.5734293717,-8.8274618865
3.5774309724,-13.2880827705
3.5814325730,-7.1185024621
3.5854341737,-12.8626625633
3.5894357743,-12.9891474346
3.5934373749,-14.1536635154
3.5974389756,-10.0774926624
3.6014405762,-7.6090104816
3.6054421769,-4.5559310974
3.6094437775,-0.3568027191
3.6134453782,6.260510596
3.6174469788,7.2023575404
3.6214485794,9.5800627649
3.6254501801,4.8724522736
3.6294517807,1.5715500751
3.6334533814,1.6138597114
3.637454982,3.0471609789
3.6414565826,9.6302621084
3.6454581833,6.1385586404
3.6494597839,-4.6027824767
3.6534613846,-9.8626342083
3.6574629852,-13.3476956562
3.6614645858,2.4704561084
3.6654661865,-0.5850999591
3.6694677871,-6.4547999525
3.6734693878,0.4373475121
3.6774709884,-6.2174703459
3.6814725890,-3.2561649979
3.6854741897,-2.2194489107
3.6894757903,-0.4171283151
3.693477391,13.7332259966
3.6974789916,11.9050195354
3.7014805922,13.7564365873
3.7054821929,7.8171336357
3.7094837935,17.0663334365
3.7134853942,21.2317938949
3.7174869948,9.8551537325
3.7214885954,12.8771788491
3.7254901961,8.5994274009
3.7294917967,0.6472405995
3.7334933974,-3.0713695855
3.737494998,-4.0885210182
3.7414965986,4.167718375
3.7454981993,3.3049132936
3.7494997999,4.9986141528
3.7535014006,13.6617901277
3.7575030012,6.2453765794
3.7615046018,10.3896426546
3.7655062025,9.4240320035
3.7695078031,10.9686314505
3.7735094038,19.2757671443
3.7775110044,19.4982464175
3.7815126050,8.7516328665
3.7855142057,8.4166229114
3.7895158063,14.6418675313
3.793517407,22.5280806813
3.7975190076,12.8161535905
3.8015206082,18.4855424171
3.8055222089,18.0915976359
3.8095238095,4.6586733308
3.8135254102,-7.0292840385
3.8175270108,-11.8801835035
3.8215286114,-7.9404850743
3.8255302121,-2.9724435711
3.8295318127,-7.1534755876
3.8335334134,-6.8555997363
3.8375350140,2.8790539569
3.8415366146,18.7492103772
3.8455382153,1.5567823872
3.8495398159,1.3010197383
3.8535414166,11.5875249493
3.8575430172,3.5634616553
3.8615446178,8.4869562294
3.8655462185,14.8216930659
3.8695478191,17.6081421854
3.8735494198,10.1829130263
3.8775510204,6.1929765273
3.8815526210,6.1457066601
3.8855542217,-3.2131480239
3.8895558223,-2.4288397399
3.893557423,4.167914563
3.8975590236,-0.722553252
3.9015606242,-1.7138223347
3.9055622249,-0.5655636105
3.9095638255,-6.0819037285
3.9135654262,-6.7729204072
3.9175670268,2.3462501349
3.9215686275,11.8125898922
3.9255702281,5.036914742
3.9295718287,10.9767193617
3.9335734294,12.5665150616
3.9375750300,4.0143320141
3.9415766307,-3.9474843450
3.9455782313,-7.2260645058
3.9495798319,2.2454685078
3.9535814326,8.9400210581
3.9575830332,-7.9474480363
3.9615846339,-2.0469212081
3.9655862345,-0.5920324778
3.9695878351,0.8410632126
3.9735894358,-5.5174851523
3.9775910364,-16.1872662693
3.9815926371,-9.6653885568
3.9855942377,-11.8071628061
3.9895958383,-18.0395252272
3.993597439,-11.4947923495
3.9975990396,-15.3223330659
4.0016006403,-0.4207590975
4.0056022409,3.6642640725
4.0096038415,4.2835431076
4.0136054422,-4.3704506443
4.0176070428,-5.7416263542
4.0216086435,8.3674522114
4.0256102441,10.7800361084
4.0296118447,9.1446913169
4.0336134454,7.1343583044
4.0376150460,7.4180334553
4.0416166467,-1.7000136905
4.0456182473,-6.6464050852
4.0496198479,-3.8016147256
4.0536214486,-0.1110550062
4.0576230492,-10.5266044161
4.0616246499,-13.4893026857
4.0656262505,-11.8110618322
4.0696278511,-9.9286657793
4.0736294518,-8.5485580523
4.0776310524,-8.0531077984
4.0816326531,-8.8399633914
4.0856342537,-5.0624727488
4.0896358543,-5.2956161083
4.093637455,-7.2268825066
4.0976390556,-4.6668738267
4.1016406563,8.3210831555
4.1056422569,10.5781732768
4.1096438575,7.0702443001
4.1136454582,6.7659735372
4.1176470588,6.4346739249
4.1216486595,6.6996794536
4.1256502601,-4.0216992425
4.1296518607,-8.4656108732
4.1336534614,-3.0297522286
4.1376550620,0.3886916348
4.1416566627,0.2684883576
4.1456582633,-5.6473736521
4.1496598639,-2.9958332632
4.1536614646,-5.8942698568
4.1576630652,-9.0845735273
4.1616646659,-0.6050208888
4.1656662665,-5.6016391222
4.1696678671,-2.7190910272
4.1736694678,8.0178932203
4.1776710684,-2.1971697267
4.1816726691,-1.4475125248
4.1856742697,0.9824258056
4.1896758703,7.2314374533
4.193677471,13.4478871408
4.1976790716,16.4262808884
4.2016806723,8.0164953065
4.2056822729,2.2471550272
4.2096838735,3.3489682256
4.2136854742,7.7528683645
4.2176870748,14.1953255306
4.2216886755,16.6335745523
4.2256902761,2.3874491261
4.2296918768,0.8097445541
4.2336934774,4.9804176650
4.2376950780,-6.5820223980
4.2416966787,-2.6453211290
4.2456982793,1.3823189060
4.24969988,-1.1415253019
4.2537014806,-1.8987241456
4.2577030812,-6.2945113726
4.2617046819,2.9714975607
4.2657062825,13.2419703895
4.2697078832,12.1210282328
4.2737094838,15.0952721241
4.2777110844,2.8148012188
4.2817126851,2.2616483718
4.2857142857,-9.1667064773
4.2897158864,-8.824471074
4.293717487,-2.3093892432
4.2977190876,-7.4634806731
4.3017206883,-3.0803260635
4.3057222889,-6.8667523210
4.3097238896,-6.6658791117
4.3137254902,-3.2751501992
4.3177270908,-4.2307466317
4.3217286915,-4.8512269590
4.3257302921,4.6169673109
4.3297318928,0.4656610678
4.3337334934,-10.0663657573
4.3377350940,-15.9844252698
4.3417366947,-7.0091307911
4.3457382953,-5.253295636
4.349739896,-8.7489760527
4.3537414966,-6.7445744613
4.3577430972,-0.3321360009
4.3617446979,-0.2664345805
4.3657462985,-11.3247294015
4.3697478992,-9.6509259608
4.3737494998,-2.4796308106
4.3777511004,-6.490029848
4.3817527011,-2.6415480239
4.3857543017,-4.9380259838
4.3897559024,-6.5654847836
4.3937575030,-11.9007801556
4.3977591036,-14.8685130014
4.4017607043,-6.2549096288
4.4057623049,-9.8414081555
4.4097639056,-14.4125926278
4.4137655062,-11.43102054
4.4177671068,-12.1837866972
4.4217687075,-3.4879952638
4.4257703081,1.2496967529
4.4297719088,2.9600080647
4.4337735094,5.7828855515
4.4377751100,0.195545773
4.4417767107,12.0043875452
4.4457783113,4.4343688291
4.449779912,-5.7930346767
4.4537815126,-4.6014033569
4.4577831132,-1.2524313051
4.4617847139,-1.2764548273
4.4657863145,-4.8770311509
4.4697879152,-0.9978383066
4.4737895158,-1.1796624495
4.4777911164,-1.6366884425
4.4817927171,8.9523179931
4.4857943177,5.5507015213
4.4897959184,9.7161659551
4.4937975190,25.0238087365
4.4977991196,13.0378273462
4.5018007203,9.6701404081
4.5058023209,10.7622176834
4.5098039216,12.7824745414
4.5138055222,12.2865670668
4.5178071228,3.6072795941
4.5218087235,0.8572197831
4.5258103241,3.2964764153
4.5298119248,9.2412009157
4.5338135254,8.8666163566
4.5378151261,5.2473922421
4.5418167267,-0.7929353538
4.5458183273,-0.5002922282
4.549819928,10.9009572577
4.5538215286,-2.9213931263
4.5578231293,-3.9789862498
4.5618247299,-1.6746174250
4.5658263305,-5.3661239645
4.5698279312,-4.4274084783
4.5738295318,-3.4650744051
4.5778311325,0.0682350609
4.5818327331,1.3156356731
4.5858343337,2.3239609707
4.5898359344,-6.3256644788
4.5938375350,9.0208695836
4.5978391357,7.7588154271
4.6018407363,2.1554425216
4.6058423369,-0.0601505755
4.6098439376,9.5057269616
4.6138455382,6.4583112628
4.6178471389,-4.0548545998
4.6218487395,5.0521144067
4.6258503401,4.7079869882
4.6298519408,-1.1849650763
4.6338535414,-1.9387622621
4.6378551421,-8.1728993401
4.6418567427,-2.0599401024
4.6458583433,8.8015880064
4.649859944,11.8917640169
4.6538615446,19.0677907543
4.6578631453,10.5981056725
4.6618647459,6.7813731344
4.6658663465,5.367903587
4.6698679472,2.1061510266
4.6738695478,2.9259639811
4.6778711485,3.3706518066
4.6818727491,-5.9360746547
4.6858743497,-14.5656025018
4.6898759504,-14.3778126415
4.6938775510,-12.8569940666
4.6978791517,-18.1208771438
4.7018807523,-16.7415876722
4.7058823529,-24.127332271
4.7098839536,-10.6804209284
4.7138855542,-2.4226113507
4.7178871549,-9.1527150676
4.7218887555,-3.5527723787
4.7258903561,13.0801723314
4.7298919568,12.4974753049
4.7338935574,6.0666004856
4.7378951581,15.7522386814
4.7418967587,18.7971448357
4.7458983593,13.5234404523
4.74989996,10.7535630808
4.7539015606,15.5278657698
4.7579031613,8.047514877
4.7619047619,15.3915657862
4.7659063625,14.3759700177
4.7699079632,11.7054610867
4.7739095638,1.5895908456
4.7779111645,-4.3997806840
4.7819127651,4.0231446195
4.7859143657,-3.8974207174
4.7899159664,-20.3290077932
4.7939175670,-12.9010364874
4.7979191677,-17.6225651491
4.8019207683,-27.6920446067
4.8059223689,-28.9192035028
4.8099239696,-26.4612076753
4.8139255702,-26.5012623411
4.8179271709,-32.6300224075
4.8219287715,-44.4463407802
4.8259303721,-65.1654112315
4.8299319728,-74.0832002389
4.8339335734,-84.3158878822
4.8379351741,-107.0391268311
4.8419367747,-116.7978659396
4.8459383754,-100.1548785444
4.849939976,-79.0742617446
4.8539415766,-75.3473958329
4.8579431773,-49.0566914498
4.8619447779,-26.6678254410
4.8659463786,-18.5861940695
4.8699479792,-12.1759779975
4.8739495798,-20.8873002571
4.8779511805,-23.8372340518
4.8819527811,-11.1315682277
4.8859543818,-11.4515053766
4.8899559824,0.3724890792
4.8939575830,20.7122363680
4.8979591837,20.5088521474
4.9019607843,20.4514267744
4.905962385,16.7393563201
4.9099639856,22.8351438882
4.9139655862,28.5450121832
4.9179671869,24.9426888189
4.9219687875,33.041098811
4.9259703882,28.1359550465
4.9299719888,24.9100203691
4.9339735894,36.0960069161
4.9379751901,37.1657850692
4.9419767907,33.6117689399
4.9459783914,28.7037193269
4.949979992,30.6076941286
4.9539815926,22.7086324299
4.9579831933,19.0706292892
4.9619847939,19.8129790666
4.9659863946,10.9728576306
4.9699879952,9.8570559844
4.9739895958,16.8890543360
4.9779911965,26.7856723197
4.9819927971,29.3874741532
4.9859943978,21.8480827588
4.9899959984,22.6416155739
4.9939975990,21.4310183271
4.9979991997,29.4948253255
5.0020008003,46.8928225792
5.006002401,49.1712727243
5.0100040016,48.7641042619
5.0140056022,40.5663458427
5.0180072029,43.4488902238
5.0220088035,53.8488467860
5.0260104042,55.6199523248
5.0300120048,50.8826883563
5.0340136054,50.3949293568
5.0380152061,37.0314152913
5.0420168067,24.5263546844
5.0460184074,16.8543336799
5.0500200080,17.1352324157
5.0540216086,20.6998669142
5.0580232093,8.7126228575
5.0620248099,5.1098453129
5.0660264106,-12.0683909592
5.0700280112,-11.9777151017
5.0740296118,-2.5230491283
5.0780312125,-5.1899025674
5.0820328131,4.6798701149
5.0860344138,9.0592802859
5.0900360144,14.0956250356
5.0940376150,8.6319367614
5.0980392157,-3.1474945438
5.1020408163,6.8561391028
5.106042417,3.065697405
5.1100440176,8.6047925895
5.1140456182,15.1898501843
5.1180472189,10.6962978435
5.1220488195,4.9137714715
5.1260504202,4.7209702702
5.1300520208,11.2255987962
5.1340536214,16.0227043936
5.1380552221,10.1515931741
5.1420568227,16.0251397886
5.1460584234,11.0163167342
5.1500600240,14.5348049674
5.1540616246,16.0878774267
5.1580632253,32.6425509627
5.1620648259,24.9462688581
5.1660664266,19.3956371993
5.1700680272,32.6528389787
5.1740696279,40.3572300185
5.1780712285,37.6771280016
5.1820728291,39.1478870301
5.1860744298,32.2719564128
5.1900760304,22.9752732008
5.1940776311,18.7633914149
5.1980792317,14.090602027
5.2020808323,19.0620802305
5.206082433,17.6373951341
5.2100840336,11.2473765549
5.2140856343,7.866908408
5.2180872349,11.3268607611
5.2220888355,16.2815368947
5.2260904362,8.5539173495
5.2300920368,4.1595709229
5.2340936375,5.6393097188
5.2380952381,1.8387696135
5.2420968387,1.6020540116
5.2460984394,-2.4877766126
5.2501000400,1.8697045655
5.2541016407,0.750364565
5.2581032413,1.5711715749
5.2621048419,4.8550960914
5.2661064426,6.3574834838
5.2701080432,3.0607973352
5.2741096439,1.6745795867
5.2781112445,0.9654527481
5.2821128451,6.0624815641
5.2861144458,1.7999428660
5.2901160464,3.4409923520
5.2941176471,0.9607930980
5.2981192477,-5.0552370836
5.3021208483,7.1063520249
5.306122449,-2.5454118037
5.3101240496,-7.5113663089
5.3141256503,-7.7308551022
5.3181272509,-9.8086026826
5.3221288515,-5.5124671529
5.3261304522,-3.9415075193
5.3301320528,-5.755986337
5.3341336535,-16.5712122153
5.3381352541,-25.689496494
5.3421368547,-4.4718249166
5.3461384554,1.0744040469
5.3501400560,-1.4970937717
5.3541416567,1.7543141912
5.3581432573,-11.0062847078
5.3621448579,-14.0122655618
5.3661464586,-21.3145597997
5.3701480592,-14.3341425909
5.3741496599,-11.0033401469
5.3781512605,-16.5358905268
5.3821528611,-5.6202511511
5.3861544618,-15.2085187652
5.3901560624,-22.6298263537
5.3941576631,-25.3707189278
5.3981592637,-25.9218487456
5.4021608643,-22.8909377464
5.406162465,-27.7999037857
5.4101640656,-30.0102715792
5.4141656663,-25.6951303798
5.4181672669,-20.5936480229
5.4221688675,-11.8447631362
5.4261704682,-21.6914005697
5.4301720688,-29.3378715493
5.4341736695,-27.0190657324
5.4381752701,-26.1922254882
5.4421768707,-23.5521191928
5.4461784714,-23.1940226215
5.4501800720,-21.3248283683
5.4541816727,-21.3653183294
5.4581832733,-22.3521819742
5.4621848739,-20.1876178207
5.4661864746,-24.4144214701
5.4701880752,-21.7683506428
5.4741896759,-28.3747242908
5.4781912765,-28.7710893229
5.4821928772,-13.086143807
5.4861944778,-17.3512666077
5.4901960784,-24.6731046063
5.4941976791,-26.6136242983
5.4981992797,-33.2098720217
5.5022008804,-27.3762706752
5.506202481,-26.8176286893
5.5102040816,-21.8983109448
5.5142056823,-23.8861796033
5.5182072829,-25.7100738754
5.5222088836,-22.7937982576
5.5262104842,-25.2538300883
5.5302120848,-23.2867323821
5.5342136855,-22.6353591703
5.5382152861,-25.8862287549
5.5422168868,-24.9291530025
5.5462184874,-29.4448105689
5.5502200880,-25.2930916355
5.5542216887,-23.3964870341
5.5582232893,-24.0902817271
5.56222489,-18.6201438025
5.5662264906,-22.3811909536
5.5702280912,-24.9700791698
5.5742296919,-27.2534574358
5.5782312925,-29.2197936961
5.5822328932,-23.7166597428
5.5862344938,-32.1277266856
5.5902360944,-28.9012880266
5.5942376951,-26.1637820248
5.5982392957,-37.9535866797
5.6022408964,-39.5651736741
5.606242497,-41.9121039815
5.6102440976,-39.4651634416
5.6142456983,-36.2864875423
5.6182472989,-41.1130907844
5.6222488996,-39.9825025094
5.6262505002,-44.0739085043
5.6302521008,-43.7665398756
5.6342537015,-34.292170833
5.6382553021,-38.9386142186
5.6422569028,-42.6366663465
5.6462585034,-45.0825625960
5.6502601040,-34.5476497971
5.6542617047,-25.7580261029
5.6582633053,-18.7863083881
5.662264906,-16.079924589
5.6662665066,-18.8275031359
5.6702681072,-19.546479181
5.6742697079,-22.3327241151
5.6782713085,-18.7174073227
5.6822729092,-2.8094227554
5.6862745098,-1.1337842931
5.6902761104,6.9761663993
5.6942777111,5.1076141013
5.6982793117,8.3802495046
5.7022809124,17.6346600699
5.7062825130,12.1873009757
5.7102841136,13.8347591917
5.7142857143,18.0964566116
5.7182873149,19.7602475212
5.7222889156,25.9611079668
5.7262905162,35.0581271761
5.7302921168,34.7130153671
5.7342937175,42.0966610527
5.7382953181,38.3396103364
5.7422969188,39.0850644696
5.7462985194,37.1564713529
5.7503001200,31.2540509015
5.7543017207,34.0623628587
5.7583033213,45.7596572584
5.762304922,46.6441224896
5.7663065226,48.0944159202
5.7703081232,43.3838782724
5.7743097239,34.6049558034
5.7783113245,34.4640593812
5.7823129252,43.5375389089
5.7863145258,44.4170031525
5.7903161265,41.2156800439
5.7943177271,42.1953828859
5.7983193277,37.8350717924
5.8023209284,32.6687486585
5.8063225290,26.6429609963
5.8103241297,29.7661971529
5.8143257303,36.3776618529
5.8183273309,27.2626755036
5.8223289316,27.7631108693
5.8263305322,18.2716730056
5.8303321329,21.3045365208
5.8343337335,27.0462017529
5.8383353341,29.1303710698
5.8423369348,32.3820649436
5.8463385354,23.8662292847
5.8503401361,27.0783612119
5.8543417367,30.4307401195
5.8583433373,16.7655334883
5.862344938,11.3180276173
5.8663465386,13.3481643120
5.8703481393,20.7293350698
5.8743497399,25.3483528129
5.8783513405,15.9294049671
5.8823529412,4.7299207245
5.8863545418,5.0460281203
5.8903561425,10.8469981905
5.8943577431,14.1714238919
5.8983593437,17.1061244506
5.9023609444,8.7775000769
5.9063625450,-0.5534035742
5.9103641457,0.6149187706
5.9143657463,-1.0388652050
5.9183673469,-7.8081085214
5.9223689476,4.1248329839
5.9263705482,10.0657490278
5.9303721489,20.0681248027
5.9343737495,15.6070168086
5.9383753501,-0.4213761341
5.9423769508,14.3251045145
5.9463785514,16.4321553178
5.9503801521,19.8742490879
5.9543817527,14.3014081242
5.9583833533,10.1486212907
5.962384954,19.1669269407
5.9663865546,2.8141849874
5.9703881553,3.9844790365
5.9743897559,8.7367749767
5.9783913565,4.8072584501
5.9823929572,8.2479684275
5.9863945578,6.8263356752
5.9903961585,3.2082366024
5.9943977591,-0.7630403755
5.9983993597,7.8068998963
6.0024009604,11.7611113600
6.0064025610,-0.1775146173
6.0104041617,5.3415899715
6.0144057623,11.3996034623
6.0184073629,17.4441790464
6.0224089636,8.6060547141
6.0264105642,-0.0855900628
6.0304121649,6.2305105791
6.0344137655,5.9723472977
6.0384153661,-2.6906376843
6.0424169668,-1.8190897515
6.0464185674,4.0079022947
6.0504201681,9.1012096004
6.0544217687,15.0733649325
6.0584233693,1.1293354629
6.06242497,1.4190823663
6.0664265706,14.929194258
6.0704281713,8.6874008375
6.0744297719,4.2206085117
6.0784313725,6.8732818210
6.0824329732,14.7771779524
6.0864345738,12.0835096417
6.0904361745,4.8679084433
6.0944377751,-6.8519470009
6.0984393758,-17.9085900473
6.1024409764,-3.3381496618
6.1064425770,-0.6940115158
6.1104441777,-5.1451427432
6.1144457783,-2.2960491018
6.118447379,-8.0451419214
6.1224489796,-9.4123963586
6.1264505802,-10.9432965921
6.1304521809,-6.9691444113
6.1344537815,9.302151405
6.1384553822,12.7798980774
6.1424569828,7.3603675989
6.1464585834,4.8923406353
6.1504601841,10.3246637711
6.1544617847,2.9876505398
6.1584633854,-1.2916268856
6.162464986,4.6058815509
6.1664665866,4.1871477827
6.1704681873,-6.0857691084
6.1744697879,-2.6487438395
6.1784713886,1.8645514684
6.1824729892,3.4804698175
6.1864745898,-6.1906755192
6.1904761905,-10.9389275560
6.1944777911,-10.1677316178
6.1984793918,-15.262894345
6.2024809924,-9.9925041067
6.2064825930,-6.1086280782
6.2104841937,-1.1286228361
6.2144857943,-1.7264008127
6.218487395,-4.3912983862
6.2224889956,-10.1246588471
6.2264905962,-11.7572680222
6.2304921969,-1.1175040421
6.2344937975,-0.4451643736
6.2384953982,-6.6328648222
6.2424969988,-10.7886405
6.2464985994,-10.5852143108
6.2505002001,-6.8237994516
6.2545018007,-15.2071254737
6.2585034014,-14.5300964813
6.2625050020,-4.6600521455
6.2665066026,-9.100578137
6.2705082033,-8.8192410002
6.2745098039,-10.6645789336
6.2785114046,-9.394401402
6.2825130052,-13.1616442783
6.2865146058,-16.4827272418
6.2905162065,-19.0307714010
6.2945178071,-9.6509081351
6.2985194078,-0.7155801747
6.3025210084,5.648637223
6.3065226090,3.6893561766
6.3105242097,-1.4885263688
6.3145258103,-4.3232521999
6.318527411,-9.6681345542
6.3225290116,-7.7830377684
6.3265306122,-3.3949116360
6.3305322129,-2.9423121055
6.3345338135,-12.9768724881
6.3385354142,-22.562674825
6.3425370148,-18.3674194661
6.3465386154,-24.7135515612
6.3505402161,-26.8150469572
6.3545418167,-14.1109393301
6.3585434174,-19.8110386841
6.3625450180,-14.6856521179
6.3665466186,-11.8352753242
6.3705482193,-10.0543066010
6.3745498199,-6.9038788145
6.3785514206,-2.144570827
6.3825530212,9.6747090457
6.3865546218,14.1115779348
6.3905562225,12.6963880885
6.3945578231,-0.0414960062
6.3985594238,-0.0867835385
6.4025610244,2.8450521390
6.4065626251,2.1716146370
6.4105642257,2.1033538072
6.4145658263,0.5868389775
6.418567427,4.999157337
6.4225690276,9.1408663852
6.4265706283,2.1955144927
6.4305722289,-6.3970535897
6.4345738295,-4.2414564655
6.4385754302,-3.3738192251
6.4425770308,6.1532519136
6.4465786315,0.689301041
6.4505802321,-6.4543126135
6.4545818327,1.6963999632
6.4585834334,1.8682982177
6.4625850340,7.4133847454
6.4665866347,2.9268634518
6.4705882353,1.6233045208
6.4745898359,4.5656984082
6.4785914366,13.1122831399
6.4825930372,8.3066723092
6.4865946379,-2.071561223
6.4905962385,-6.5296442771
6.4945978391,-2.5484774261
6.4985994398,-2.8706362907
6.5026010404,-6.2055181794
6.5066026411,-2.2440943473
6.5106042417,13.1509996765
6.5146058423,7.9578116156
6.518607443,0.7073892067
6.5226090436,6.9474410413
6.5266106443,3.7665654647
6.5306122449,3.2844512342
6.5346138455,8.6889702478
6.5386154462,10.6723638981
6.5426170468,10.1754083659
6.5466186475,5.5167560812
6.5506202481,11.4637126189
6.5546218487,7.533711264
6.5586234494,7.361028601
6.5626250500,4.1325189692
6.5666266507,-4.5570877901
6.5706282513,3.1648539699
6.5746298519,3.4437684895
6.5786314526,-3.7041953314
6.5826330532,-5.2068279034
6.5866346539,-2.6110942585
6.5906362545,1.7639662752
6.5946378551,-3.6148564025
6.5986394558,-9.0237384095
6.6026410564,4.4397350135
6.6066426571,9.8936426181
6.6106442577,14.4363581181
6.6146458583,13.9311995151
6.618647459,7.5237833887
6.6226490596,8.3088252402
6.6266506603,-0.6439723136
6.6306522609,3.3699510730
6.6346538615,8.1217431036
6.6386554622,7.3410563358
6.6426570628,3.3640081799
6.6466586635,-1.7029178073
6.6506602641,-3.0376539565
6.6546618647,-7.4007907770
6.6586634654,-16.5638795103
6.6626650660,-12.9911164943
6.6666666667,-11.2048998667
6.6706682673,-7.3488992730
6.6746698679,-10.7460755361
6.6786714686,-12.7014183305
6.6826730692,-5.1896759660
6.6866746699,-9.7491940282
6.6906762705,-8.6469152856
6.6946778711,-10.5813730979
6.6986794718,-7.4423533925
6.7026810724,-6.6628632671
6.7066826731,-8.8589010323
6.7106842737,3.6448704719
6.7146858743,-1.5412583299
6.718687475,-3.3486685893
6.7226890756,-4.9859074918
6.7266906763,-1.3026051328
6.7306922769,-2.7446455622
6.7346938776,-4.2475571895
6.7386954782,5.9170088669
6.7426970788,6.7291346735
6.7466986795,-0.7201185881
6.7507002801,-6.6757892273
6.7547018808,-1.5389515209
6.7587034814,2.2729984949
6.7627050820,13.4558947454
6.7667066827,6.4708424881
6.7707082833,1.4078317765
6.774709884,-6.2023918214
6.7787114846,-12.9178557619
6.7827130852,-18.4713069645
6.7867146859,-19.0052548577
6.7907162865,-18.4263818903
6.7947178872,-19.0913795805
6.7987194878,-22.5391996573
6.8027210884,-19.5434570932
6.8067226891,-25.7118221077
6.8107242897,-23.2173394664
6.8147258904,-24.5267126217
6.818727491,-28.3808845124
6.8227290916,-22.9734938921
6.8267306923,-26.1440754411
6.8307322929,-36.3881328230
6.8347338936,-26.0925350207
6.8387354942,-22.9214797889
6.8427370948,-20.8841906168
6.8467386955,-21.0831022443
6.8507402961,-18.9962725037
6.8547418968,-18.9861493871
6.8587434974,-16.5939079008
6.8627450980,-15.2987121000
6.8667466987,-27.1920055608
6.8707482993,-25.9373487122
6.8747499,-19.8079722650
6.8787515006,-28.8272574978
6.8827531012,-28.0220180130
6.8867547019,-22.3658001611
6.8907563025,-13.7279278871
6.8947579032,-21.0160142807
6.8987595038,-23.1530105782
6.9027611044,-20.5351365111
6.9067627051,-22.3917104158
6.9107643057,-18.3661835255
6.9147659064,-9.9432028746
6.9187675070,-10.6983838083
6.9227691076,2.3175794699
6.9267707083,1.6819331154
6.9307723089,-1.2267583311
6.9347739096,-6.0902474653
6.9387755102,-8.7444585914
6.9427771108,-7.1511121572
6.9467787115,-15.2366945712
6.9507803121,-5.4660652224
6.9547819128,-2.8175946485
6.9587835134,-9.6077220417
6.9627851140,-10.4750161823
6.9667867147,-11.1836377683
6.9707883153,-3.5262935191
6.974789916,7.4421111625
6.9787915166,3.2485174299
6.9827931172,-8.0497868634
6.9867947179,-17.1858407693
6.9907963185,-14.9557614476
6.9947979192,-15.5822898989
6.9987995198,-14.7223331892
7.0028011204,-7.1113021779
7.0068027211,-9.0183990167
7.0108043217,-1.914161746
7.0148059224,-6.2623434066
7.0188075230,-9.2516615936
7.0228091236,-6.2078104715
7.0268107243,-5.9586365532
7.0308123249,-2.2662415382
7.0348139256,-8.1693516711
7.0388155262,-7.2830971369
7.0428171269,5.8861547284
7.0468187275,-1.3386427498
7.0508203281,-3.150225342
7.0548219288,2.0532369187
7.0588235294,2.5905781771
7.0628251301,9.2841821321
7.0668267307,5.2561662509
7.0708283313,3.8584791979
7.074829932,6.5980288885
7.0788315326,7.0835825920
7.0828331333,13.1940186854
7.0868347339,16.5750516026
7.0908363345,21.0834847607
7.0948379352,15.9640776953
7.0988395358,12.3866156486
7.1028411365,14.9464738279
7.1068427371,7.0773857327
7.1108443377,6.2278312217
7.1148459384,13.8504514742
7.1188475390,18.2720651656
7.1228491397,17.8173660885
7.1268507403,14.2433883987
7.1308523409,25.6170993945
7.1348539416,22.8442686867
7.1388555422,12.9725430698
7.1428571429,18.002606357
7.1468587435,18.7792835186
7.1508603441,35.7609628008
7.1548619448,40.8300393034
7.1588635454,33.992981886
7.1628651461,31.1272061373
7.1668667467,28.6100565668
7.1708683473,41.1326813039
7.174869948,43.1787695200
7.1788715486,39.5332478775
7.1828731493,46.4398480833
7.1868747499,44.9584801353
7.1908763505,58.9826579956
7.1948779512,62.440791491
7.1988795518,54.1025788321
7.2028811525,53.9202665308
7.2068827531,54.3863066133
7.2108843537,48.0948971912
7.2148859544,41.8231809953
7.2188875550,51.8959276644
7.2228891557,61.2141637536
7.2268907563,60.1617318604
7.2308923569,52.8769791805
7.2348939576,53.2910428139
7.2388955582,52.7650459966
7.2428971589,64.6449632195
7.2468987595,66.4752508592
7.2509003601,57.1536835133
7.2549019608,58.4036129620
7.2589035614,75.3067928445
7.2629051621,81.8424597477
7.2669067627,73.7781336033
7.2709083633,66.7503102371
7.274909964,61.3391737228
7.2789115646,58.0112173835
7.2829131653,64.2628365919
7.2869147659,58.489027869
7.2909163665,62.215788268
7.2949179672,70.0627716649
7.2989195678,55.5738204775
7.3029211685,45.754266653
7.3069227691,40.9363462984
7.3109243697,43.0440265882
7.3149259704,44.2363143527
7.3189275710,29.2925252446
7.3229291717,31.6017453426
7.3269307723,28.8545182180
7.3309323729,22.066923212
7.3349339736,28.4476482759
7.3389355742,19.4769741631
7.3429371749,17.4343504854
7.3469387755,2.8483853644
7.3509403762,6.7125471238
7.3549419768,4.8785253574
7.3589435774,-3.1201337621
7.3629451781,-17.3101853722
7.3669467787,-20.6735829633
7.3709483794,-25.1667575359
7.37494998,-23.6362465085
7.3789515806,-29.2460601817
7.3829531813,-32.5656390763
7.3869547819,-41.9182858599
7.3909563826,-33.7697354534
7.3949579832,-36.1113712177
7.3989595838,-46.0120265246
7.4029611845,-44.2881994571
7.4069627851,-44.8947456873
7.4109643858,-40.4827796388
7.4149659864,-38.5222019270
7.4189675870,-37.1332147466
7.4229691877,-37.5748483170
7.4269707883,-42.7700050432
7.430972389,-44.1781101479
7.4349739896,-52.0278713839
7.4389755902,-45.6670397311
7.4429771909,-47.3771446098
7.4469787915,-46.4196773058
7.4509803922,-51.3889923243
7.4549819928,-59.1661447074
7.4589835934,-53.9108435473
7.4629851941,-42.1194150739
7.4669867947,-38.885295338
7.4709883954,-43.2347701264
7.474989996,-45.5421197738
7.4789915966,-50.0610649215
7.4829931973,-41.5820745337
7.4869947979,-42.8186261684
7.4909963986,-43.7541515984
7.4949979992,-48.081196388
7.4989995998,-45.6425296635
7.5030012005,-40.5090951129
7.5070028011,-37.9970174638
7.5110044018,-36.5776109636
7.5150060024,-45.7104900692
7.5190076030,-47.9766290532
7.5230092037,-45.2774271778
7.5270108043,-47.3466349947
7.531012405,-44.8148816984
7.5350140056,-47.9664352676
7.5390156062,-41.5514325501
7.5430172069,-36.7454024093
7.5470188075,-30.0387281883
7.5510204082,-31.6565274415
7.5550220088,-31.6111326043
7.5590236094,-25.6358370304
7.5630252101,-23.7833456284
7.5670268107,-27.4239524618
7.5710284114,-24.2020975388
7.5750300120,-27.4644922573
7.5790316126,-31.3786881764
7.5830332133,-32.8652947510
7.5870348139,-34.1172005487
7.5910364146,-34.3536891232
7.5950380152,-29.7208084067
7.5990396158,-21.3328357975
7.6030412165,-17.9186572500
7.6070428171,-16.5779436378
7.6110444178,-17.242456777
7.6150460184,-18.7194777131
7.6190476190,-18.1244163917
7.6230492197,-14.1109130076
7.6270508203,-18.0238163335
7.631052421,-15.0972772451
7.6350540216,-7.003853244
7.6390556222,-10.4200597628
7.6430572229,-11.9821668969
7.6470588235,-18.7536029813
7.6510604242,-18.1342957276
7.6550620248,-12.4403291276
7.6590636255,-14.2792875956
7.6630652261,-11.3995722792
7.6670668267,-10.6905687696
7.6710684274,-7.2829838956
7.6750700280,0.5165117641
7.6790716287,-11.0274724550
7.6830732293,-5.6263849985
7.6870748299,-6.8100342586
7.6910764306,-11.8907505714
7.6950780312,-9.7457585543
7.6990796319,-12.9440351126
7.7030812325,-7.3345857055
7.7070828331,5.1292523086
7.7110844338,9.8434583554
7.7150860344,5.9743879838
7.7190876351,0.982197957
7.7230892357,12.3293518434
7.7270908363,7.9226729000
7.731092437,13.1018116397
7.7350940376,11.7470337028
7.7390956383,5.3031406219
7.7430972389,8.7362429299
7.7470988395,7.3256230056
7.7511004402,6.6641600593
7.7551020408,11.4496728827
7.7591036415,10.9632411819
7.7631052421,6.0627403638
7.7671068427,0.1048082258
7.7711084434,0.6137583991
7.7751100440,-6.74168906
7.7791116447,-4.0049780569
7.7831132453,7.3423345427
7.7871148459,6.9876293186
7.7911164466,9.5171976233
7.7951180472,6.2020897113
7.7991196479,3.0375700195
7.8031212485,5.360490853
7.8071228491,3.1841363126
7.8111244498,5.0449131795
7.8151260504,7.6389501046
7.8191276511,6.8855489109
7.8231292517,11.2440981877
7.8271308523,-10.3764352078
7.831132453,-10.5326232682
7.8351340536,7.1043177658
7.8391356543,1.7175032826
7.8431372549,5.3025095537
7.8471388555,9.5467161025
7.8511404562,13.3501690784
7.8551420568,24.0541320824
7.8591436575,25.9199564099
7.8631452581,20.4887129652
7.8671468587,13.6670036535
7.8711484594,11.7653466104
7.8751500600,12.3775121937
7.8791516607,13.4869063071
7.8831532613,17.1442390503
7.8871548619,13.9051950911
7.8911564626,27.3552191229
7.8951580632,17.9580011216
7.8991596639,7.6765202017
7.9031612645,12.2721540939
7.9071628651,10.6542794246
7.9111644658,6.4266790048
7.9151660664,10.8821986571
7.9191676671,14.8062814088
7.9231692677,15.9119061903
7.9271708683,21.5241282329
7.931172469,18.8423244791
7.9351740696,14.0230646871
7.9391756703,11.7839117898
7.9431772709,7.8297693927
7.9471788715,10.4739252611
7.9511804722,13.2168291115
7.9551820728,16.3571117071
7.9591836735,8.0927523624
7.9631852741,1.7599649381
7.9671868747,0.1965862459
7.9711884754,0.4819305830
7.9751900760,7.2037457331
7.9791916767,7.5552329791
7.9831932773,8.7069266998
7.987194878,8.5906126047
7.9911964786,13.9577400794
7.9951980792,12.6903250103
7.9991996799,11.4861482553
8.0032012805,18.9644678858
8.0072028812,19.1330318343
8.0112044818,14.300758527
8.0152060824,12.9833869083
8.0192076831,18.2259677989
8.0232092837,9.7736301686
8.0272108844,5.4200720669
8.031212485,7.8123327369
8.0352140856,2.3651706597
8.0392156863,6.1216267583
8.0432172869,14.8751619073
8.0472188876,8.0747496198
8.0512204882,8.9184481833
8.0552220888,20.2083151528
8.0592236895,12.2485567555
8.0632252901,7.5969130879
8.0672268908,8.3175619644
8.0712284914,10.2943064850
8.0752300920,11.8439970062
8.0792316927,8.5798571785
8.0832332933,17.5206556443
8.087234894,22.1038761208
8.0912364946,7.0269314269
8.0952380952,-2.5329658824
8.0992396959,2.9402493911
8.1032412965,12.7119377339
8.1072428972,13.0904151661
8.1112444978,13.0073696422
8.1152460984,10.7216806044
8.1192476991,5.5139975009
8.1232492997,4.6900993565
8.1272509004,-2.1381725647
8.1312525010,-4.2904416684
8.1352541016,8.5795719404
8.1392557023,10.8158036062
8.1432573029,1.7569136778
8.1472589036,-2.0450057064
8.1512605042,3.1840632318
8.1552621048,8.8633213727
8.1592637055,14.4966782352
8.1632653061,6.5115997209
8.1672669068,2.4351992972
8.1712685074,4.4305324031
8.1752701080,4.6101381016
8.1792717087,4.1553852160
8.1832733093,7.1110069156
8.18727491,8.2722524626
8.1912765106,8.0531608504
8.1952781112,4.5945982941
8.1992797119,-2.9555264720
8.2032813125,0.7116826141
8.2072829132,0.1834996935
8.2112845138,11.1816292474
8.2152861144,-1.8692473006
8.2192877151,-6.8122887677
8.2232893157,-1.5513081817
8.2272909164,-3.08912206
8.2312925170,-4.2032665749
8.2352941176,-3.0318731353
8.2392957183,-6.1480210002
8.2432973189,9.4619659718
8.2472989196,10.4554463293
8.2513005202,10.8918129869
8.2553021208,8.8923894761
8.2593037215,2.025073713
8.2633053221,-4.1717439036
8.2673069228,-4.7737799081
8.2713085234,-8.7508389647
8.2753101240,-2.1293656496
8.2793117247,0.9236661015
8.2833133253,9.3615331489
8.287314926,9.4691006433
8.2913165266,3.2883960454
8.2953181273,-0.5778435504
8.2993197279,-8.5935043523
8.3033213285,-7.8795158671
8.3073229292,-7.8104557234
8.3113245298,0.6533398821
8.3153261305,-2.7952196712
8.3193277311,-2.6550153219
8.3233293317,-5.5263910231
8.3273309324,-10.8728752336
8.3313325330,-4.029886642
8.3353341337,-2.0887845926
8.3393357343,-6.3508630319
8.3433373349,1.2967303383
8.3473389356,-1.783643848
8.3513405362,-6.0848219269
8.3553421369,2.3167286476
8.3593437375,-6.3235967075
8.3633453381,-0.3776290637
8.3673469388,-2.7003911643
8.3713485394,-6.1892214762
8.3753501401,-8.9696549359
8.3793517407,-4.9370128369
8.3833533413,-7.4177545699
8.387354942,-7.9711028756
8.3913565426,-4.9692690723
8.3953581433,-4.3764642219
8.3993597439,-2.4519803381
8.4033613445,-1.471933377
8.4073629452,-7.5877216697
8.4113645458,2.1706553234
8.4153661465,7.5641845312
8.4193677471,4.0702034390
8.4233693477,-2.6577641037
8.4273709484,-6.1815326281
8.4313725490,-6.6562188948
8.4353741497,-9.3305904172
8.4393757503,-3.0756429026
8.4433773509,4.8613760696
8.4473789516,-3.9174507930
8.4513805522,-5.5442788012
8.4553821529,-12.6482355678
8.4593837535,-19.1056572784
8.4633853541,-18.1729281873
8.4673869548,-14.0031988696
8.4713885554,-14.0347283697
8.4753901561,-11.7845887735
8.4793917567,-10.4557481718
8.4833933573,-10.9831611352
8.487394958,-10.5282539780
8.4913965586,-7.3839479413
8.4953981593,-9.6807052662
8.4993997599,-12.6090528784
8.5034013605,-12.8275055107
8.5074029612,-14.9268333242
8.5114045618,-8.77854939
8.5154061625,-9.3601172915
8.5194077631,-7.3834587233
8.5234093637,8.4606676399
8.5274109644,9.7741236276
8.5314125650,10.8144312118
8.5354141657,6.4439367387
8.5394157663,3.8681100913
8.5434173669,9.0921495044
8.5474189676,7.5978543337
8.5514205682,3.7857362664
8.5554221689,9.7471281696
8.5594237695,16.3618081619
8.5634253701,11.434647555
8.5674269708,6.3614428855
8.5714285714,6.4120369640
8.5754301721,-0.0156433293
8.5794317727,-2.0287877793
8.5834333733,0.8905958489
8.587434974,-4.9354585083
8.5914365746,2.6594910326
8.5954381753,-3.8766636626
8.5994397759,-0.6622786260
8.6034413766,0.5924649717
8.6074429772,-6.6221711388
8.6114445778,-1.3772394622
8.6154461785,-5.3062512898
8.6194477791,-8.3466481021
8.6234493798,-1.4000733044
8.6274509804,-2.5692626132
8.6314525810,4.2329402009
8.6354541817,3.0404916421
8.6394557823,-6.2917177522
8.643457383,-0.9798694404
8.6474589836,2.5729902938
8.6514605842,2.2075078925
8.6554621849,-1.0336966396
8.6594637855,-4.5236945763
8.6634653862,7.5616666593
8.6674669868,5.8487250814
8.6714685874,1.8991928274
8.6754701881,-1.5653925988
8.6794717887,4.9889659362
8.6834733894,10.5573232046
8.68747499,0.2150297636
8.6914765906,-2.0944726120
8.6954781913,6.5075103812
8.6994797919,9.3041352963
8.7034813926,6.5085376832
8.7074829932,2.8690582371
8.7114845938,1.7378193726
8.7154861945,-4.8964160342
8.7194877951,-4.1093814857
8.7234893958,-0.4897932792
8.7274909964,1.6141853687
8.7314925970,7.0120376899
8.7354941977,5.7986111932
8.7394957983,2.0695485501
8.743497399,2.573565121
8.7474989996,9.4354968702
8.7515006002,16.8997236235
8.7555022009,7.4736708855
8.7595038015,5.0308080854
8.7635054022,3.5407009893
8.7675070028,0.7754399766
8.7715086034,4.3281517021
8.7755102041,6.6835587259
8.7795118047,2.5159628681
8.7835134054,2.2136178260
8.7875150060,-3.7891900068
8.7915166066,-2.1850381346
8.7955182073,-1.8239277994
8.7995198079,1.9824114574
8.8035214086,2.6587162954
8.8075230092,-3.6163253497
8.8115246098,-4.6971121294
8.8155262105,-5.6171175719
8.8195278111,-3.1619923227
8.8235294118,-6.3199061255
8.8275310124,-12.9353351705
8.8315326130,-15.595502687
8.8355342137,-10.4050494350
8.8395358143,3.2148316357
8.843537415,-1.7217824320
8.8475390156,-11.246850341
8.8515406162,-5.4408477077
8.8555422169,-11.2538345089
8.8595438175,-11.2371168631
8.8635454182,-10.0922603499
8.8675470188,-12.5393473164
8.8715486194,-15.5928065893
8.8755502201,-14.9164821931
8.8795518207,-11.9282246259
8.8835534214,-16.8174647578
8.8875550220,-21.6975322989
8.8915566226,-17.5305580276
8.8955582233,-20.9177788831
8.8995598239,-24.0748229393
8.9035614246,-16.5002108348
8.9075630252,-14.5244762489
8.9115646259,-11.5097009507
8.9155662265,-16.8600322947
8.9195678271,-16.7450052419
8.9235694278,-14.8195190865
8.9275710284,-15.928873235
8.9315726291,-13.8206088343
8.9355742297,-7.5223063685
8.9395758303,-10.8574101060
8.943577431,-21.0930567054
8.9475790316,-25.9808379087
8.9515806323,-18.7018489884
8.9555822329,-23.4974486363
8.9595838335,-24.734555122
8.9635854342,-22.5879351758
8.9675870348,-21.3175013545
8.9715886355,-11.5745788288
8.9755902361,-12.7299599822
8.9795918367,-20.4238791344
8.9835934374,-15.6303572335
8.9875950380,-17.3774673099
8.9915966387,-19.5471106011
8.9955982393,-21.1108740597
8.9995998399,-21.8305744239
9.0036014406,-22.3315924039
9.0076030412,-23.7237952936
9.0116046419,-18.0246443693
9.0156062425,-16.9225854039
9.0196078431,-19.1504565486
9.0236094438,-19.1410988217
9.0276110444,-19.767052172
9.0316126451,-21.0145364065
9.0356142457,-23.5779397253
9.0396158463,-24.6557808703
9.043617447,-26.9060812076
9.0476190476,-24.5173350048
9.0516206483,-21.6226101562
9.0556222489,-22.0729283865
9.0596238495,-28.3889898319
9.0636254502,-36.9705785828
9.0676270508,-34.1535134326
9.0716286515,-28.0670218494
9.0756302521,-30.4376888528
9.0796318527,-18.2422912806
9.0836334534,-11.4069356734
9.0876350540,-7.6994096512
9.0916366547,-1.6960548003
9.0956382553,-0.3679097211
9.0996398559,6.1482729875
9.1036414566,18.5705840684
9.1076430572,17.1853319217
9.1116446579,23.3101136029
9.1156462585,37.3574735784
9.1196478591,51.6378249545
9.1236494598,52.4187122639
9.1276510604,50.8291227050
9.1316526611,54.3872628351
9.1356542617,52.7468766909
9.1396558623,62.8249687629
9.143657463,66.8209069552
9.1476590636,67.2075671862
9.1516606643,68.5808314804
9.1556622649,67.4549800337
9.1596638655,67.8677533124
9.1636654662,64.6617299094
9.1676670668,61.4801650654
9.1716686675,62.4365347357
9.1756702681,52.4871046911
9.1796718687,53.0974675540
9.1836734694,54.0820267865
9.1876750700,52.8441637227
9.1916766707,54.3037197687
9.1956782713,48.6632193157
9.1996798719,48.8716891453
9.2036814726,45.5717115419
9.2076830732,34.9487916530
9.2116846739,33.3854506445
9.2156862745,25.3314667631
9.2196878752,22.9332827546
9.2236894758,18.616189556
9.2276910764,21.9385408463
9.2316926771,27.6019811149
9.2356942777,19.1031912583
9.2396958784,24.5469054152
9.243697479,19.4285587031
9.2476990796,12.3662982358
9.2517006803,9.0496282255
9.2557022809,1.1712435322
9.2597038816,4.5707814034
9.2637054822,4.2252984977
9.2677070828,-0.1457972822
9.2717086835,3.4336853471
9.2757102841,0.4884597909
9.2797118848,1.4778757083
9.2837134854,2.0082769829
9.2877150860,-11.2978450312
9.2917166867,-5.0053942145
9.2957182873,-6.8579848946
9.299719888,-5.2890344518
9.3037214886,-6.7797101342
9.3077230892,-6.763928821
9.3117246899,-3.0343893632
9.3157262905,-7.6700554093
9.3197278912,-3.6795586439
9.3237294918,-1.1761823765
9.3277310924,-0.6790051001
9.3317326931,-0.6078139655
9.3357342937,-2.6848634950
9.3397358944,-4.5560752524
9.343737495,-3.2913622803
9.3477390956,-2.3827456567
9.3517406963,-0.9657187628
9.3557422969,-3.3165376248
9.3597438976,-2.4055951394
9.3637454982,0.0035944487
9.3677470988,0.6672933282
9.3717486995,6.6928910122
9.3757503001,3.4081991599
9.3797519008,-0.6187695842
9.3837535014,-3.1292967134
9.3877551020,-6.4739338085
9.3917567027,-5.6171781123
9.3957583033,-11.3304166246
9.399759904,-11.7645642768
9.4037615046,-2.9057975136
9.4077631052,-9.1956893767
9.4117647059,-17.2708960499
9.4157663065,-22.2445146023
9.4197679072,-20.9417183172
9.4237695078,-24.7991920593
9.4277711084,-18.2290366717
9.4317727091,-8.1493108332
9.4357743097,-16.8287768784
9.4397759104,-16.6558767676
9.4437775110,-16.4491273556
9.4477791116,-18.0260076812
9.4517807123,-7.3977478184
9.4557823129,-14.3475503269
9.4597839136,-21.3794972486
9.4637855142,-17.2929561467
9.4677871148,-17.5496109163
9.4717887155,-14.9443439647
9.4757903161,-10.3048793838
9.4797919168,-9.3755149683
9.4837935174,-10.5236085917
9.4877951180,-12.6143519554
9.4917967187,-12.8839158144
9.4957983193,-11.4576968397
9.49979992,-11.3462366507
9.5038015206,-13.4392088339
9.5078031212,-17.8266069364
9.5118047219,-17.3924805471
9.5158063225,-17.3305559088
9.5198079232,-11.9787028934
9.5238095238,-15.7695016342
9.5278111244,-16.4546622401
9.5318127251,-12.9950577916
9.5358143257,-14.8498369427
9.5398159264,-10.6341530033
9.5438175270,-10.3926488829
9.5478191277,-13.8353066642
9.5518207283,-10.3044000109
9.5558223289,-10.3767649489
9.5598239296,-4.7719871216
9.5638255302,-1.8804288662
9.5678271309,-7.2621357
9.5718287315,-5.4583891767
9.5758303321,-7.9535961367
9.5798319328,-7.6990246413
9.5838335334,0.5032425951
9.5878351341,0.7405579769
9.5918367347,11.0305718913
9.5958383353,4.2231995954
9.599839936,-4.5398725016
9.6038415366,-4.9401123881
9.6078431373,-4.0265634955
9.6118447379,0.1252921988
9.6158463385,-1.9046433016
9.6198479392,1.4528013032
9.6238495398,-0.8719160804
9.6278511405,-1.6195536004
9.6318527411,-0.6173096280
9.6358543417,-3.5326130155
9.6398559424,-0.2812623812
9.6438575430,-0.6916179247
9.6478591437,-3.6539434171
9.6518607443,-4.4655166911
9.6558623449,-8.5632144274
9.6598639456,-7.9683149191
9.6638655462,-1.6869865252
9.6678671469,-1.2115685181
9.6718687475,4.9866487822
9.6758703481,9.5642042505
9.6798719488,0.5802517843
9.6838735494,-0.9883507291
9.6878751501,-0.4525334103
9.6918767507,-0.698597034
9.6958783513,-6.8803430477
9.699879952,-4.1431494782
9.7038815526,-0.8596781842
9.7078831533,-2.8112492878
9.7118847539,-5.2809414068
9.7158863545,-8.1578085266
9.7198879552,-1.1880170521
9.7238895558,13.8216900224
9.7278911565,4.4896064448
9.7318927571,3.7449829723
9.7358943577,4.6901809281
9.7398959584,-3.6672916904
9.7438975590,-7.4224504404
9.7478991597,-2.1303051649
9.7519007603,3.4498318144
9.7559023609,4.3025509188
9.7599039616,7.0473834757
9.7639055622,5.9376272839
9.7679071629,0.5991292892
9.7719087635,1.5573594722
9.7759103641,-1.4556978775
9.7799119648,2.4195179921
9.7839135654,2.3372139288
9.7879151661,-4.4646628690
9.7919167667,-1.6861846561
9.7959183673,-4.2327457500
9.799919968,2.7735130801
9.8039215686,5.6284328450
9.8079231693,-0.7144024399
9.8119247699,-3.6572502353
9.8159263705,-5.98636332
9.8199279712,-13.2573725768
9.8239295718,-10.1026829161
9.8279311725,-8.7069772189
9.8319327731,-6.2305220991
9.8359343737,-11.2114489533
9.8399359744,-9.6300891569
9.8439375750,-4.7184786778
9.8479391757,-2.3558030609
9.8519407763,-4.0860898942
9.855942377,-12.8234190270
9.8599439776,-8.6772159525
9.8639455782,0.7657295811
9.8679471789,0.0871637852
9.8719487795,-0.1442136456
9.8759503802,7.2751842604
9.8799519808,12.3613875123
9.8839535814,14.9588458400
9.8879551821,13.6020515070
9.8919567827,19.2546334474
9.8959583834,13.1304363051
9.899959984,14.3916295380
9.9039615846,14.4081338044
9.9079631853,6.8047799787
9.9119647859,11.189844166
9.9159663866,12.6854688436
9.9199679872,6.3625877331
9.9239695878,9.2286406551
9.9279711885,12.0781939537
9.9319727891,18.7241180364
9.9359743898,9.0092272831
9.9399759904,5.7703987668
9.9439775910,1.4474753469
9.9479791917,0.8710330854
9.9519807923,16.9965964132
9.955982393,10.3771379736
9.9599839936,4.6914687455
9.9639855942,6.0901119997
9.9679871949,3.1317196484
9.9719887955,6.6446130192
9.9759903962,1.5502487831
9.9799919968,16.3813244628
9.9839935974,8.2668400723
9.9879951981,3.8336618529
9.9919967987,9.9329314862
9.9959983994,6.8142492768
10.,3.7502397303
